age,workclass,fnlwgt,education,education-num,marital-status,occupation,hours-per-week,native-country
40, Local-gov,370502, Some-college,10, Married-civ-spouse, Handlers-cleaners,40, Mexico
32, Private,188246, Some-college,10, Married-civ-spouse, Sales,40, United-States
30, Private,167558, HS-grad,9, Never-married, Sales,35, Mexico
35, Private,292185, Bachelors,13, Married-civ-spouse, Adm-clerical,40, United-States
41, Private,101593, Masters,14, Married-civ-spouse, Prof-specialty,50, United-States
33, Local-gov,70164, Bachelors,13, Never-married, Prof-specialty,60, United-States
36, Private,269722, Bachelors,13, Married-civ-spouse, Exec-managerial,55, United-States
33, Self-emp-not-inc,175502, Bachelors,13, Married-civ-spouse, Prof-specialty,60, United-States
53, Private,233165, HS-grad,9, Married-civ-spouse, Exec-managerial,60, United-States
27, Private,177351, Bachelors,13, Never-married, Sales,45, United-States
22, Private,212114, Bachelors,13, Never-married, Handlers-cleaners,15, United-States
26, Private,288959, HS-grad,9, Married-civ-spouse, Sales,36, United-States
64, Private,231619, HS-grad,9, Married-civ-spouse, Sales,21, United-States
48, Private,146919, Some-college,10, Divorced, Adm-clerical,45, United-States
23, Private,388811, HS-grad,9, Never-married, Adm-clerical,40, United-States
26, Private,243560, Some-college,10, Never-married, Sales,40, ?
35, Self-emp-not-inc,98360, Bachelors,13, Married-civ-spouse, Prof-specialty,40, United-States
46, Private,369538, Some-college,10, Married-civ-spouse, Sales,40, United-States
65, Self-emp-not-inc,31740, Some-college,10, Widowed, Exec-managerial,45, United-States
53, Private,223660, HS-grad,9, Widowed, Machine-op-inspct,40, United-States
18, Private,333611, 5th-6th,3, Never-married, Other-service,54, Mexico
34, Self-emp-not-inc,108247, Prof-school,15, Married-civ-spouse, Prof-specialty,55, United-States
28, Private,76129, HS-grad,9, Never-married, Machine-op-inspct,40, Guatemala
37, Private,91711, Bachelors,13, Married-civ-spouse, Exec-managerial,60, United-States
61, ?,166855, Bachelors,13, Married-civ-spouse, ?,10, United-States
59, Private,182062, Bachelors,13, Married-civ-spouse, Prof-specialty,40, United-States
32, Private,252752, Masters,14, Never-married, Exec-managerial,60, United-States
31, Private,43953, Bachelors,13, Married-civ-spouse, Prof-specialty,35, United-States
25, Local-gov,84224, Bachelors,13, Never-married, Prof-specialty,40, United-States
81, Private,100675, 1st-4th,2, Married-civ-spouse, Prof-specialty,15, Poland
47, Private,155509, HS-grad,9, Separated, Other-service,35, United-States
39, Private,29814, HS-grad,9, Married-civ-spouse, Craft-repair,40, United-States
37, Private,241805, Some-college,10, Married-civ-spouse, Other-service,30, United-States
44, Private,214838, HS-grad,9, Married-civ-spouse, Machine-op-inspct,45, United-States
37, Private,240810, Assoc-acdm,12, Married-civ-spouse, Craft-repair,45, United-States
41, Private,154076, Some-college,10, Married-civ-spouse, Adm-clerical,50, United-States
27, ?,175552, 5th-6th,3, Married-civ-spouse, ?,40, Mexico
55, Private,170287, Some-college,10, Married-civ-spouse, Prof-specialty,40, Poland
60, Private,145995, Bachelors,13, Married-civ-spouse, Sales,40, United-States
22, Private,433669, Assoc-acdm,12, Never-married, Handlers-cleaners,36, ?
23, Private,233626, Bachelors,13, Never-married, Sales,25, United-States
19, Private,607799, HS-grad,9, Never-married, Machine-op-inspct,60, United-States
45, Private,88500, Some-college,10, Married-civ-spouse, Machine-op-inspct,44, United-States
36, Private,127809, HS-grad,9, Separated, Other-service,30, United-States
46, Private,243743, Bachelors,13, Married-civ-spouse, Prof-specialty,40, United-States
48, Private,177211, 11th,7, Married-civ-spouse, Machine-op-inspct,40, United-States
39, Self-emp-not-inc,231180, HS-grad,9, Married-civ-spouse, Other-service,50, United-States
29, Private,253856, Bachelors,13, Married-civ-spouse, Transport-moving,20, United-States
39, Private,177075, HS-grad,9, Divorced, Adm-clerical,40, United-States
26, Private,152855, HS-grad,9, Never-married, Exec-managerial,40, Mexico
37, Private,191137, Assoc-acdm,12, Divorced, Prof-specialty,25, United-States
49, Private,255559, Some-college,10, Married-civ-spouse, Adm-clerical,40, United-States
27, Private,169815, Bachelors,13, Never-married, Sales,40, United-States
28, Private,221215, 10th,6, Never-married, Handlers-cleaners,40, Mexico
35, Private,270059, Some-college,10, Divorced, Sales,30, United-States
54, ?,31588, HS-grad,9, Married-civ-spouse, ?,40, United-States
17, Private,345403, 10th,6, Never-married, Other-service,40, United-States
18, Private,194897, HS-grad,9, Never-married, Handlers-cleaners,40, United-States
33, Private,388741, Some-college,10, Never-married, Adm-clerical,38, United-States
33, Private,355856, Assoc-acdm,12, Married-civ-spouse, Sales,60, United-States
51, Private,122109, Some-college,10, Married-civ-spouse, Adm-clerical,35, United-States
49, Private,75673, HS-grad,9, Never-married, Adm-clerical,40, United-States
49, Self-emp-inc,141058, Some-college,10, Divorced, Exec-managerial,50, United-States
41, Private,47902, Some-college,10, Married-civ-spouse, Sales,35, United-States
64, Private,221343, 1st-4th,2, Divorced, Priv-house-serv,12, United-States
40, Private,255675, Some-college,10, Married-civ-spouse, Prof-specialty,40, United-States
49, Federal-gov,203505, HS-grad,9, Widowed, Adm-clerical,40, United-States
23, Private,125106, Bachelors,13, Never-married, Prof-specialty,40, United-States
34, Private,139890, Some-college,10, Divorced, Adm-clerical,40, United-States
38, Private,76878, 11th,7, Married-civ-spouse, Craft-repair,40, United-States
47, Self-emp-not-inc,28035, Some-college,10, Married-civ-spouse, Farming-fishing,86, United-States
30, Private,43953, HS-grad,9, Never-married, Adm-clerical,40, United-States
36, Private,163237, Assoc-acdm,12, Married-civ-spouse, Adm-clerical,40, United-States
23, Local-gov,55890, Bachelors,13, Never-married, Prof-specialty,40, United-States
47, Self-emp-not-inc,255934, Some-college,10, Married-civ-spouse, Exec-managerial,80, United-States
61, Private,168654, HS-grad,9, Divorced, Adm-clerical,40, Canada
47, Self-emp-not-inc,39986, Bachelors,13, Married-civ-spouse, Sales,40, United-States
56, Private,208451, Bachelors,13, Married-civ-spouse, Prof-specialty,40, United-States
20, Private,206681, 12th,8, Never-married, Sales,55, United-States
33, Private,117779, HS-grad,9, Married-civ-spouse, Machine-op-inspct,46, United-States
36, Self-emp-not-inc,129150, HS-grad,9, Married-civ-spouse, Farming-fishing,50, United-States
38, ?,177273, HS-grad,9, Married-civ-spouse, ?,35, United-States
34, Local-gov,226443, Some-college,10, Married-civ-spouse, Protective-serv,40, United-States
56, Private,146326, HS-grad,9, Married-civ-spouse, Transport-moving,50, United-States
32, Private,187901, Assoc-voc,11, Never-married, Exec-managerial,23, United-States
26, Private,97153, Assoc-acdm,12, Married-civ-spouse, Machine-op-inspct,40, United-States
49, Private,188694, Bachelors,13, Never-married, Exec-managerial,40, United-States
71, Private,187493, HS-grad,9, Married-civ-spouse, Protective-serv,40, United-States
19, Private,212468, Some-college,10, Never-married, Other-service,15, United-States
20, Private,84726, Some-college,10, Never-married, Tech-support,40, United-States
42, Private,137907, HS-grad,9, Divorced, Adm-clerical,35, United-States
51, Private,34361, Some-college,10, Married-civ-spouse, Exec-managerial,20, United-States
38, Private,254114, Some-college,10, Married-spouse-absent, Prof-specialty,40, United-States
38, Private,170174, 10th,6, Married-civ-spouse, Machine-op-inspct,40, United-States
35, Self-emp-not-inc,190895, Bachelors,13, Divorced, Exec-managerial,25, United-States
24, Local-gov,317443, Bachelors,13, Married-civ-spouse, Prof-specialty,40, United-States
40, Private,375603, HS-grad,9, Divorced, Adm-clerical,40, United-States
21, Private,203076, HS-grad,9, Never-married, Handlers-cleaners,35, United-States
49, Private,53893, HS-grad,9, Divorced, Transport-moving,40, United-States
18, ?,171748, Some-college,10, Never-married, ?,24, United-States
54, Private,167770, HS-grad,9, Married-civ-spouse, Exec-managerial,55, United-States
52, Private,204584, Bachelors,13, Married-spouse-absent, Exec-managerial,42, United-States
27, Private,660870, Bachelors,13, Never-married, Prof-specialty,60, United-States
20, Private,105686, HS-grad,9, Never-married, Machine-op-inspct,40, United-States
38, ?,70282, Masters,14, Married-civ-spouse, ?,2, United-States
31, Private,148607, Some-college,10, Divorced, Machine-op-inspct,40, United-States
25, Private,255849, HS-grad,9, Never-married, Adm-clerical,40, United-States
19, Federal-gov,255921, Some-college,10, Never-married, Handlers-cleaners,20, England
33, Private,113326, Some-college,10, Married-civ-spouse, Craft-repair,50, United-States
23, Private,440456, Bachelors,13, Never-married, Other-service,40, United-States
34, Private,105493, Masters,14, Divorced, Prof-specialty,40, United-States
42, Private,259757, Bachelors,13, Divorced, Prof-specialty,50, United-States
37, Local-gov,89491, Masters,14, Divorced, Exec-managerial,40, United-States
25, Private,171818, Bachelors,13, Never-married, Exec-managerial,40, United-States
40, Private,51151, Assoc-voc,11, Married-civ-spouse, Craft-repair,40, United-States
33, Self-emp-not-inc,188957, Bachelors,13, Never-married, Sales,40, United-States
31, Private,97933, Some-college,10, Never-married, Adm-clerical,40, United-States
32, Self-emp-inc,195447, Bachelors,13, Married-civ-spouse, Sales,45, United-States
63, ?,46907, Bachelors,13, Married-civ-spouse, ?,8, United-States
54, Self-emp-inc,383365, Bachelors,13, Married-civ-spouse, Sales,70, United-States
32, Self-emp-not-inc,203408, HS-grad,9, Married-civ-spouse, Craft-repair,44, United-States
29, Local-gov,148182, HS-grad,9, Married-civ-spouse, Transport-moving,40, United-States
26, Local-gov,211497, Some-college,10, Married-civ-spouse, Prof-specialty,40, United-States
39, Self-emp-not-inc,48063, Some-college,10, Married-civ-spouse, Farming-fishing,60, United-States
57, Private,211804, Bachelors,13, Married-civ-spouse, Prof-specialty,50, United-States
54, Private,185407, Some-college,10, Married-civ-spouse, Farming-fishing,40, United-States
57, Private,225927, 10th,6, Married-civ-spouse, Machine-op-inspct,40, United-States
23, Federal-gov,314525, Bachelors,13, Never-married, Prof-specialty,40, United-States
27, Self-emp-not-inc,208577, Some-college,10, Married-civ-spouse, Exec-managerial,45, United-States
42, Private,222884, Bachelors,13, Never-married, Exec-managerial,55, United-States
31, Private,209538, 10th,6, Married-civ-spouse, Craft-repair,40, United-States
49, Local-gov,177114, Masters,14, Divorced, Prof-specialty,60, United-States
50, Private,173754, HS-grad,9, Married-civ-spouse, Craft-repair,40, United-States
46, Local-gov,121370, HS-grad,9, Divorced, Adm-clerical,30, United-States
37, Private,67125, HS-grad,9, Divorced, Sales,60, United-States
26, Private,67240, HS-grad,9, Married-civ-spouse, Craft-repair,40, United-States
27, Private,198346, Bachelors,13, Divorced, Adm-clerical,35, United-States
24, Private,141003, Some-college,10, Never-married, Exec-managerial,25, United-States
24, Self-emp-inc,60668, HS-grad,9, Never-married, Craft-repair,40, United-States
29, Private,104256, HS-grad,9, Divorced, Sales,34, United-States
47, Private,131002, Bachelors,13, Married-civ-spouse, Prof-specialty,50, United-States
33, Self-emp-not-inc,155151, Some-college,10, Married-civ-spouse, Sales,50, United-States
26, Private,177720, Assoc-acdm,12, Divorced, Prof-specialty,45, United-States
20, Private,39615, Some-college,10, Never-married, Craft-repair,40, United-States
25, Private,203871, Assoc-voc,11, Married-civ-spouse, Prof-specialty,40, United-States
57, State-gov,25045, Bachelors,13, Divorced, Adm-clerical,37, United-States
36, Private,112264, HS-grad,9, Married-civ-spouse, Transport-moving,50, United-States
25, Private,169100, Masters,14, Married-civ-spouse, Exec-managerial,40, United-States
46, Private,155659, Bachelors,13, Married-civ-spouse, Machine-op-inspct,40, Germany
39, Private,291665, HS-grad,9, Married-civ-spouse, Adm-clerical,24, United-States
29, Private,224215, Some-college,10, Married-civ-spouse, Craft-repair,40, United-States
18, Private,270502, 11th,7, Never-married, Exec-managerial,20, United-States
46, Private,125487, Assoc-voc,11, Married-civ-spouse, Tech-support,40, United-States
61, Private,51385, Bachelors,13, Married-civ-spouse, Sales,50, United-States
41, Private,112763, HS-grad,9, Widowed, Sales,40, United-States
50, Private,108926, Some-college,10, Divorced, Machine-op-inspct,40, United-States
53, Private,366957, Bachelors,13, Married-civ-spouse, Exec-managerial,50, India
36, Local-gov,109766, Bachelors,13, Never-married, Protective-serv,60, United-States
38, Private,226106, Some-college,10, Never-married, Adm-clerical,40, United-States
75, Self-emp-not-inc,92792, HS-grad,9, Married-civ-spouse, Sales,35, United-States
26, Private,186950, Assoc-voc,11, Married-civ-spouse, Adm-clerical,40, United-States
44, Private,230478, Bachelors,13, Married-civ-spouse, Exec-managerial,40, United-States
25, Private,231638, HS-grad,9, Never-married, Adm-clerical,40, United-States
31, Private,120461, Some-college,10, Never-married, Sales,40, United-States
49, Private,33673, 12th,8, Never-married, Transport-moving,35, United-States
34, Private,191385, HS-grad,9, Married-civ-spouse, Machine-op-inspct,48, United-States
31, Self-emp-not-inc,229946, HS-grad,9, Married-civ-spouse, Prof-specialty,40, Columbia
47, Self-emp-not-inc,160131, Some-college,10, Divorced, Craft-repair,40, United-States
38, Private,190895, Bachelors,13, Married-civ-spouse, Exec-managerial,50, United-States
18, Private,126021, HS-grad,9, Never-married, Craft-repair,20, United-States
47, Private,27815, 9th,5, Divorced, Other-service,30, United-States
42, Private,203542, HS-grad,9, Never-married, Craft-repair,40, United-States
29, Private,144592, Bachelors,13, Never-married, Sales,40, United-States
38, Local-gov,223004, Some-college,10, Divorced, Protective-serv,75, United-States
22, Private,183257, Some-college,10, Never-married, Sales,20, United-States
32, Private,172714, HS-grad,9, Never-married, Craft-repair,40, United-States
20, Private,131611, Some-college,10, Never-married, Adm-clerical,48, United-States
41, Private,253060, Prof-school,15, Married-civ-spouse, Sales,50, United-States
46, Private,471990, HS-grad,9, Married-civ-spouse, Transport-moving,46, United-States
44, Private,138966, HS-grad,9, Married-civ-spouse, Adm-clerical,38, United-States
35, Private,385412, Bachelors,13, Never-married, Adm-clerical,40, United-States
18, ?,184101, Some-college,10, Never-married, ?,25, United-States
60, Private,103344, HS-grad,9, Married-civ-spouse, Craft-repair,40, United-States
36, Local-gov,135786, 9th,5, Married-civ-spouse, Craft-repair,25, United-States
30, Private,227359, Some-college,10, Never-married, Craft-repair,40, United-States
40, State-gov,86912, Doctorate,16, Married-civ-spouse, Prof-specialty,50, United-States
21, Private,83033, Some-college,10, Never-married, Adm-clerical,20, United-States
25, Private,172581, Bachelors,13, Never-married, Prof-specialty,40, United-States
56, State-gov,274111, Masters,14, Divorced, Prof-specialty,40, United-States
42, Private,187795, Some-college,10, Married-civ-spouse, Exec-managerial,55, United-States
26, Private,483822, 7th-8th,4, Never-married, Handlers-cleaners,40, Guatemala
66, Self-emp-inc,220543, HS-grad,9, Married-civ-spouse, Adm-clerical,40, United-States
48, Private,152953, 7th-8th,4, Married-civ-spouse, Craft-repair,32, Dominican-Republic
35, Private,239755, Some-college,10, Never-married, Sales,50, United-States
41, Private,177905, Masters,14, Married-civ-spouse, Prof-specialty,45, United-States
19, Private,200136, Some-college,10, Never-married, Sales,20, United-States
55, Self-emp-not-inc,111625, HS-grad,9, Married-civ-spouse, Sales,40, United-States
42, Self-emp-not-inc,336513, Bachelors,13, Married-civ-spouse, Craft-repair,60, United-States
45, Private,162915, Some-college,10, Divorced, Transport-moving,50, United-States
29, Private,116662, Bachelors,13, Never-married, Handlers-cleaners,40, United-States
42, Self-emp-not-inc,24763, Doctorate,16, Married-civ-spouse, Prof-specialty,40, United-States
65, Private,225580, HS-grad,9, Divorced, Sales,20, United-States
30, Private,169104, Assoc-acdm,12, Never-married, Other-service,40, Vietnam
43, Private,212894, Some-college,10, Married-civ-spouse, Craft-repair,40, United-States
61, Private,93997, 7th-8th,4, Married-civ-spouse, Machine-op-inspct,40, Italy
22, Private,189924, Some-college,10, Never-married, Other-service,50, United-States
23, Private,274424, 11th,7, Separated, Other-service,40, United-States
34, Private,188246, HS-grad,9, Married-civ-spouse, Machine-op-inspct,40, United-States
51, Private,284211, HS-grad,9, Widowed, Prof-specialty,35, United-States
21, Private,198259, Some-college,10, Never-married, Adm-clerical,15, United-States
31, Private,368517, Assoc-acdm,12, Never-married, Prof-specialty,40, United-States
34, Private,168768, Assoc-acdm,12, Never-married, Adm-clerical,35, United-States
33, Federal-gov,122220, Some-college,10, Married-civ-spouse, Exec-managerial,40, United-States
32, Private,136204, Masters,14, Separated, Exec-managerial,55, United-States
44, Private,175641, 11th,7, Married-civ-spouse, Sales,40, United-States
21, State-gov,173324, Some-college,10, Never-married, Other-service,20, United-States
75, Local-gov,31195, HS-grad,9, Divorced, Adm-clerical,20, United-States
55, Federal-gov,88876, Masters,14, Married-civ-spouse, Exec-managerial,60, United-States
43, Self-emp-not-inc,176069, HS-grad,9, Married-civ-spouse, Other-service,16, United-States
31, Private,215297, HS-grad,9, Married-civ-spouse, Craft-repair,45, United-States
41, Private,198425, Some-college,10, Married-civ-spouse, Craft-repair,45, United-States
26, Local-gov,180957, Masters,14, Never-married, Prof-specialty,50, United-States
23, Private,206129, Assoc-voc,11, Never-married, Craft-repair,40, United-States
42, Federal-gov,65950, HS-grad,9, Divorced, Adm-clerical,40, United-States
29, Private,197618, HS-grad,9, Never-married, Adm-clerical,40, United-States
21, Private,185357, HS-grad,9, Never-married, Adm-clerical,50, United-States
28, Private,134890, Bachelors,13, Never-married, Exec-managerial,40, United-States
64, ?,193043, HS-grad,9, Married-civ-spouse, ?,40, United-States
35, Federal-gov,153633, Some-college,10, Never-married, Other-service,40, United-States
65, Private,115890, Bachelors,13, Married-civ-spouse, Transport-moving,20, United-States
34, Private,394447, Bachelors,13, Never-married, Prof-specialty,50, France
58, Private,343957, Bachelors,13, Divorced, Sales,50, United-States
63, ?,247986, Prof-school,15, Married-civ-spouse, ?,30, United-States
50, Private,238959, Bachelors,13, Married-civ-spouse, Sales,60, ?
59, Private,159048, HS-grad,9, Divorced, Other-service,40, United-States
46, Private,423222, Bachelors,13, Married-civ-spouse, Exec-managerial,40, United-States
30, Private,89735, Assoc-voc,11, Married-civ-spouse, Prof-specialty,40, United-States
28, Private,31778, Bachelors,13, Never-married, Handlers-cleaners,40, United-States
51, ?,157327, 5th-6th,3, Married-civ-spouse, ?,8, United-States
47, Private,233511, Masters,14, Divorced, Sales,60, United-States
30, Private,327112, Bachelors,13, Divorced, Sales,40, United-States
34, Private,236543, HS-grad,9, Never-married, Craft-repair,40, United-States
51, State-gov,194475, Some-college,10, Divorced, Prof-specialty,40, United-States
41, Private,303510, HS-grad,9, Married-civ-spouse, Exec-managerial,40, United-States
57, Private,171242, Some-college,10, Married-civ-spouse, Prof-specialty,40, United-States
28, Self-emp-not-inc,39388, Assoc-voc,11, Married-civ-spouse, Farming-fishing,60, United-States
62, Local-gov,197218, HS-grad,9, Widowed, Other-service,18, United-States
22, State-gov,151991, Some-college,10, Never-married, Tech-support,20, United-States
38, Private,374524, Bachelors,13, Married-civ-spouse, Prof-specialty,40, United-States
34, ?,267352, 11th,7, Never-married, ?,30, United-States
45, Local-gov,364563, HS-grad,9, Married-civ-spouse, Transport-moving,40, United-States
37, Private,186035, Assoc-acdm,12, Married-civ-spouse, Craft-repair,55, United-States
21, Private,47541, HS-grad,9, Divorced, Machine-op-inspct,40, United-States
49, Private,151107, HS-grad,9, Never-married, Craft-repair,40, United-States
24, Private,500509, HS-grad,9, Never-married, Other-service,40, United-States
47, Private,138107, Bachelors,13, Divorced, Exec-managerial,40, United-States
20, Federal-gov,225515, Some-college,10, Never-married, Tech-support,24, United-States
27, Private,153291, Prof-school,15, Married-civ-spouse, Prof-specialty,50, United-States
40, Private,169885, HS-grad,9, Separated, Other-service,40, United-States
19, ?,112780, Some-college,10, Never-married, ?,30, United-States
31, Local-gov,175778, Bachelors,13, Divorced, Prof-specialty,40, United-States
43, Private,55213, HS-grad,9, Married-civ-spouse, Machine-op-inspct,52, United-States
48, Private,38950, Bachelors,13, Married-civ-spouse, Exec-managerial,50, United-States
64, Self-emp-not-inc,65991, HS-grad,9, Married-civ-spouse, Farming-fishing,45, United-States
39, Private,174330, HS-grad,9, Separated, Craft-repair,40, United-States
50, Private,35224, HS-grad,9, Married-civ-spouse, Craft-repair,40, United-States
52, Private,175622, Assoc-voc,11, Divorced, Other-service,40, United-States
44, Private,164678, Masters,14, Married-civ-spouse, Prof-specialty,45, United-States
50, ?,87263, HS-grad,9, Married-civ-spouse, ?,55, United-States
54, Private,163671, HS-grad,9, Married-civ-spouse, Transport-moving,65, United-States
17, Self-emp-not-inc,181317, 10th,6, Never-married, Farming-fishing,35, United-States
33, Federal-gov,177945, HS-grad,9, Married-civ-spouse, Adm-clerical,40, United-States
28, Private,47168, 10th,6, Never-married, Machine-op-inspct,40, United-States
39, Self-emp-not-inc,190023, Bachelors,13, Married-civ-spouse, Sales,60, United-States
33, Private,168782, Assoc-voc,11, Never-married, Craft-repair,40, United-States
59, Private,175290, 7th-8th,4, Never-married, Other-service,32, United-States
74, Private,145463, 1st-4th,2, Widowed, Priv-house-serv,15, United-States
54, Private,159755, Some-college,10, Married-civ-spouse, Protective-serv,40, United-States
31, Private,113364, Assoc-acdm,12, Married-civ-spouse, Machine-op-inspct,55, United-States
31, Private,487742, Some-college,10, Separated, Sales,40, United-States
20, Private,304710, Some-college,10, Never-married, Sales,20, United-States
54, Local-gov,185846, Masters,14, Married-civ-spouse, Prof-specialty,40, United-States
42, Private,212894, Assoc-voc,11, Married-civ-spouse, Adm-clerical,40, United-States
57, Self-emp-not-inc,315460, Prof-school,15, Married-civ-spouse, Prof-specialty,36, United-States
49, Private,135643, HS-grad,9, Widowed, Craft-repair,40, South
40, Private,220977, Doctorate,16, Married-civ-spouse, Exec-managerial,40, India
19, ?,117444, HS-grad,9, Never-married, ?,30, United-States
38, Private,202683, HS-grad,9, Never-married, Adm-clerical,40, United-States
39, Private,164866, HS-grad,9, Married-civ-spouse, Machine-op-inspct,42, United-States
43, Private,191814, Assoc-acdm,12, Married-civ-spouse, Sales,50, United-States
32, ?,227160, Some-college,10, Divorced, ?,40, United-States
57, Private,158077, Bachelors,13, Married-civ-spouse, Sales,40, United-States
38, Private,191103, Prof-school,15, Married-civ-spouse, Prof-specialty,99, United-States
25, Private,193701, Bachelors,13, Never-married, Other-service,38, United-States
40, Private,143046, Bachelors,13, Never-married, Prof-specialty,45, United-States
34, Private,206297, Bachelors,13, Married-civ-spouse, Exec-managerial,48, United-States
35, Self-emp-not-inc,188563, HS-grad,9, Divorced, Farming-fishing,50, United-States
53, Private,35102, Some-college,10, Divorced, Adm-clerical,34, United-States
21, Private,203055, Some-college,10, Never-married, Machine-op-inspct,40, United-States
43, Private,309932, Bachelors,13, Married-civ-spouse, Craft-repair,40, United-States
43, Self-emp-not-inc,243432, HS-grad,9, Married-civ-spouse, Craft-repair,60, United-States
22, Private,177107, Assoc-voc,11, Never-married, Prof-specialty,35, United-States
64, Self-emp-not-inc,113929, HS-grad,9, Married-civ-spouse, Sales,35, United-States
19, ?,291509, 12th,8, Never-married, ?,28, United-States
40, Private,222011, Masters,14, Never-married, Prof-specialty,40, United-States
34, Private,186824, HS-grad,9, Married-civ-spouse, Handlers-cleaners,70, United-States
46, Private,192768, HS-grad,9, Married-civ-spouse, Adm-clerical,40, United-States
35, Private,234962, HS-grad,9, Never-married, Machine-op-inspct,40, Mexico
32, Private,83253, Some-college,10, Married-civ-spouse, Transport-moving,60, United-States
26, Private,248990, Some-college,10, Never-married, Craft-repair,40, United-States
25, Private,346159, HS-grad,9, Never-married, Craft-repair,40, United-States
55, Private,272656, Bachelors,13, Married-civ-spouse, Tech-support,55, United-States
22, Private,60552, Some-college,10, Never-married, Sales,40, United-States
29, State-gov,33798, Some-college,10, Divorced, Adm-clerical,20, United-States
38, Self-emp-not-inc,112158, HS-grad,9, Married-civ-spouse, Exec-managerial,99, United-States
55, Private,200992, Some-college,10, Widowed, Other-service,35, United-States
26, Private,98155, HS-grad,9, Married-civ-spouse, Exec-managerial,40, United-States
34, Self-emp-inc,79586, Bachelors,13, Never-married, Prof-specialty,60, United-States
25, State-gov,143062, HS-grad,9, Never-married, Adm-clerical,40, United-States
39, Private,101146, HS-grad,9, Divorced, Prof-specialty,40, United-States
18, ?,284450, 11th,7, Never-married, ?,25, United-States
58, State-gov,159021, 9th,5, Married-civ-spouse, Farming-fishing,40, United-States
34, Local-gov,353270, Assoc-voc,11, Never-married, Craft-repair,40, United-States
29, Self-emp-not-inc,162312, Some-college,10, Never-married, Exec-managerial,45, South
49, State-gov,231961, Doctorate,16, Divorced, Prof-specialty,50, United-States
38, Private,181943, Bachelors,13, Never-married, Adm-clerical,35, United-States
21, Private,163595, Some-college,10, Never-married, Other-service,35, United-States
28, Private,130856, Bachelors,13, Married-civ-spouse, Prof-specialty,40, United-States
42, Private,208875, Some-college,10, Married-civ-spouse, Exec-managerial,40, El-Salvador
29, Self-emp-not-inc,58744, Assoc-acdm,12, Never-married, Other-service,60, United-States
48, Private,116641, HS-grad,9, Divorced, Adm-clerical,45, United-States
40, Private,69333, Bachelors,13, Married-civ-spouse, Farming-fishing,40, United-States
36, Private,320811, Some-college,10, Married-civ-spouse, Craft-repair,40, United-States
34, Private,197886, Bachelors,13, Married-civ-spouse, Sales,60, United-States
57, Self-emp-not-inc,253914, 1st-4th,2, Married-civ-spouse, Sales,35, Mexico
24, Private,89154, 9th,5, Never-married, Other-service,40, El-Salvador
32, Private,372317, 9th,5, Separated, Other-service,23, Mexico
18, Self-emp-not-inc,296090, HS-grad,9, Never-married, Sales,48, ?
39, Private,192614, HS-grad,9, Married-civ-spouse, Transport-moving,56, United-States
39, Private,403489, 11th,7, Divorced, Transport-moving,40, United-States
18, Private,169652, 11th,7, Never-married, Other-service,12, United-States
20, Private,217467, Some-college,10, Never-married, Craft-repair,40, United-States
27, ?,162104, 9th,5, Never-married, ?,40, United-States
54, Private,175912, 10th,6, Married-civ-spouse, Transport-moving,40, United-States
40, Self-emp-not-inc,179533, HS-grad,9, Married-civ-spouse, Transport-moving,75, United-States
27, Private,149624, Some-college,10, Married-civ-spouse, Adm-clerical,30, United-States
27, Private,289147, HS-grad,9, Never-married, Machine-op-inspct,40, United-States
43, Federal-gov,347720, Bachelors,13, Never-married, Tech-support,50, United-States
22, Private,406978, Bachelors,13, Never-married, Exec-managerial,40, United-States
17, Private,193199, 11th,7, Never-married, Sales,12, Poland
37, Self-emp-inc,163998, Assoc-acdm,12, Married-civ-spouse, Sales,50, United-States
49, Private,173115, 10th,6, Separated, Exec-managerial,99, United-States
33, Private,333701, Assoc-voc,11, Never-married, Other-service,40, United-States
21, State-gov,48121, Some-college,10, Never-married, Exec-managerial,10, United-States
45, Private,186256, HS-grad,9, Divorced, Craft-repair,40, United-States
33, Private,104525, HS-grad,9, Married-civ-spouse, Handlers-cleaners,40, United-States
25, Private,104097, Bachelors,13, Married-civ-spouse, Craft-repair,60, United-States
71, Private,212806, HS-grad,9, Married-civ-spouse, Sales,36, United-States
23, Local-gov,203353, Bachelors,13, Never-married, Prof-specialty,45, United-States
41, Private,130126, Prof-school,15, Married-civ-spouse, Prof-specialty,80, United-States
21, ?,270043, 10th,6, Never-married, ?,30, United-States
47, Private,218435, HS-grad,9, Married-spouse-absent, Sales,20, Cuba
30, Private,154120, Bachelors,13, Never-married, Sales,65, United-States
40, Private,193537, Some-college,10, Married-civ-spouse, Adm-clerical,40, Dominican-Republic
44, Private,84535, Some-college,10, Divorced, Sales,48, United-States
50, Private,150999, Masters,14, Married-civ-spouse, Prof-specialty,40, United-States
31, State-gov,157673, HS-grad,9, Married-civ-spouse, Farming-fishing,40, United-States
68, Private,217424, HS-grad,9, Married-civ-spouse, Protective-serv,24, United-States
45, Private,358886, 12th,8, Married-civ-spouse, Adm-clerical,50, United-States
38, Private,186191, Bachelors,13, Never-married, Prof-specialty,40, United-States
78, Self-emp-inc,212660, 11th,7, Married-civ-spouse, Exec-managerial,10, United-States
31, Self-emp-inc,31740, Assoc-voc,11, Married-civ-spouse, Farming-fishing,55, United-States
39, Private,498785, HS-grad,9, Divorced, Adm-clerical,40, United-States
36, Self-emp-not-inc,35945, 7th-8th,4, Married-civ-spouse, Machine-op-inspct,45, United-States
46, Local-gov,162566, Masters,14, Divorced, Prof-specialty,50, Canada
30, Private,118861, Some-college,10, Married-civ-spouse, Adm-clerical,50, United-States
34, Private,206609, Some-college,10, Never-married, Sales,35, United-States
30, Federal-gov,423064, HS-grad,9, Separated, Adm-clerical,35, United-States
47, Private,191957, Bachelors,13, Married-civ-spouse, Sales,40, United-States
40, Private,223934, Some-college,10, Married-civ-spouse, Adm-clerical,17, United-States
62, ?,129246, HS-grad,9, Married-civ-spouse, ?,40, United-States
44, Self-emp-not-inc,195486, HS-grad,9, Married-civ-spouse, Sales,70, Jamaica
40, Private,114580, HS-grad,9, Divorced, Craft-repair,40, Vietnam
20, Private,119215, Some-college,10, Never-married, Transport-moving,40, United-States
45, Private,240554, Bachelors,13, Married-civ-spouse, Exec-managerial,40, United-States
55, Private,199067, Bachelors,13, Married-civ-spouse, Exec-managerial,42, United-States
51, Private,144084, HS-grad,9, Never-married, Machine-op-inspct,40, United-States
38, Private,358682, Some-college,10, Married-civ-spouse, Handlers-cleaners,40, United-States
49, Local-gov,59612, Masters,14, Married-civ-spouse, Prof-specialty,40, United-States
49, State-gov,391585, Bachelors,13, Married-civ-spouse, Exec-managerial,40, United-States
30, Local-gov,101345, HS-grad,9, Separated, Other-service,26, United-States
20, Private,117618, Some-college,10, Never-married, Exec-managerial,40, United-States
34, Private,231238, 9th,5, Separated, Farming-fishing,40, United-States
42, Local-gov,143046, HS-grad,9, Widowed, Transport-moving,40, United-States
46, Private,326857, Masters,14, Married-civ-spouse, Sales,65, United-States
43, Private,203642, Bachelors,13, Never-married, Prof-specialty,40, United-States
62, Private,88579, HS-grad,9, Never-married, Adm-clerical,38, United-States
21, Private,240517, Some-college,10, Never-married, Machine-op-inspct,70, United-States
58, Local-gov,156649, 1st-4th,2, Widowed, Handlers-cleaners,40, United-States
30, Private,143392, Bachelors,13, Married-civ-spouse, Adm-clerical,40, United-States
37, Private,365465, HS-grad,9, Separated, Craft-repair,70, Philippines
22, State-gov,264710, Bachelors,13, Never-married, Tech-support,40, United-States
64, State-gov,223830, 9th,5, Never-married, Adm-clerical,38, United-States
42, Private,154374, HS-grad,9, Married-civ-spouse, Transport-moving,50, United-States
43, State-gov,242521, HS-grad,9, Married-civ-spouse, Craft-repair,40, United-States
34, Private,124569, Some-college,10, Divorced, Adm-clerical,40, United-States
25, Private,209230, HS-grad,9, Never-married, Other-service,6, United-States
21, Private,162228, Some-college,10, Never-married, Adm-clerical,40, United-States
45, Federal-gov,60267, HS-grad,9, Married-civ-spouse, Adm-clerical,40, United-States
55, Self-emp-not-inc,76901, Assoc-acdm,12, Married-civ-spouse, Exec-managerial,55, United-States
24, Private,137876, HS-grad,9, Never-married, Craft-repair,50, United-States
70, Self-emp-not-inc,347910, Some-college,10, Married-civ-spouse, Exec-managerial,35, United-States
27, Local-gov,138917, Bachelors,13, Never-married, Prof-specialty,35, United-States
34, Private,532379, Some-college,10, Married-civ-spouse, Craft-repair,40, United-States
57, Private,31532, Bachelors,13, Married-civ-spouse, Transport-moving,40, United-States
37, Self-emp-not-inc,30973, HS-grad,9, Married-civ-spouse, Exec-managerial,40, United-States
52, Private,117295, 1st-4th,2, Married-civ-spouse, Exec-managerial,50, United-States
32, Private,295282, HS-grad,9, Married-civ-spouse, Craft-repair,48, United-States
42, Private,190786, Assoc-voc,11, Married-civ-spouse, Craft-repair,40, United-States
24, Private,246207, Bachelors,13, Never-married, Machine-op-inspct,40, United-States
50, Private,130780, HS-grad,9, Married-civ-spouse, Handlers-cleaners,40, United-States
36, Private,186212, Assoc-acdm,12, Married-civ-spouse, Craft-repair,50, United-States
42, Private,175526, HS-grad,9, Married-civ-spouse, Machine-op-inspct,40, United-States
40, Private,207025, HS-grad,9, Never-married, Adm-clerical,38, United-States
39, Federal-gov,82622, Bachelors,13, Never-married, Adm-clerical,45, United-States
51, Private,199688, Bachelors,13, Married-civ-spouse, Exec-managerial,60, ?
38, State-gov,318886, Bachelors,13, Married-civ-spouse, Protective-serv,52, United-States
18, Private,256005, HS-grad,9, Never-married, Other-service,40, United-States
63, Self-emp-not-inc,217715, 5th-6th,3, Never-married, Sales,3, United-States
50, Private,205803, Masters,14, Married-civ-spouse, Sales,40, United-States
82, Self-emp-not-inc,240491, HS-grad,9, Married-civ-spouse, Craft-repair,40, Cuba
33, Private,154120, HS-grad,9, Divorced, Handlers-cleaners,45, United-States
37, Private,69251, Some-college,10, Married-civ-spouse, Transport-moving,40, United-States
24, Private,333505, HS-grad,9, Married-spouse-absent, Transport-moving,40, Peru
31, Private,168521, Bachelors,13, Never-married, Exec-managerial,50, United-States
59, Private,193568, HS-grad,9, Divorced, Machine-op-inspct,40, United-States
18, Private,426895, 12th,8, Never-married, Farming-fishing,55, United-States
47, Self-emp-not-inc,131826, Some-college,10, Married-civ-spouse, Sales,40, United-States
48, Private,79646, 11th,7, Married-civ-spouse, Farming-fishing,50, United-States
27, Private,167031, Bachelors,13, Never-married, Prof-specialty,33, United-States
34, Private,73199, 11th,7, Never-married, Other-service,40, Philippines
50, Private,114056, Assoc-voc,11, Married-civ-spouse, Protective-serv,84, United-States
57, Self-emp-not-inc,110417, Some-college,10, Married-civ-spouse, Farming-fishing,75, United-States
60, Private,33266, HS-grad,9, Married-civ-spouse, Protective-serv,40, United-States
39, Private,154410, HS-grad,9, Married-civ-spouse, Adm-clerical,40, United-States
56, ?,154537, Some-college,10, Divorced, ?,50, United-States
18, Private,27780, HS-grad,9, Never-married, Sales,25, United-States
26, Private,142914, Assoc-acdm,12, Married-civ-spouse, Prof-specialty,75, United-States
37, Private,190987, Some-college,10, Married-civ-spouse, Sales,40, United-States
20, Private,314422, HS-grad,9, Never-married, Sales,30, United-States
29, Local-gov,273771, Masters,14, Never-married, Prof-specialty,45, United-States
30, Private,175083, HS-grad,9, Divorced, Transport-moving,52, United-States
21, Private,63665, Some-college,10, Never-married, Other-service,15, United-States
24, Local-gov,193416, Some-college,10, Never-married, Protective-serv,40, United-States
51, Private,74275, HS-grad,9, Married-civ-spouse, Machine-op-inspct,40, United-States
31, Private,122609, HS-grad,9, Divorced, Adm-clerical,40, United-States
45, Private,225456, Bachelors,13, Married-civ-spouse, Prof-specialty,40, United-States
36, Local-gov,116892, Some-college,10, Married-civ-spouse, Craft-repair,40, United-States
29, Private,196971, Bachelors,13, Never-married, Prof-specialty,72, United-States
20, Private,105312, HS-grad,9, Never-married, Sales,35, United-States
46, Private,108699, Some-college,10, Widowed, Adm-clerical,60, United-States
44, Private,171615, HS-grad,9, Married-civ-spouse, Transport-moving,45, United-States
39, Private,388023, HS-grad,9, Divorced, Exec-managerial,38, United-States
39, Private,181553, Bachelors,13, Divorced, Exec-managerial,55, United-States
45, Private,170850, HS-grad,9, Married-civ-spouse, Machine-op-inspct,44, United-States
28, Private,187479, Some-college,10, Married-civ-spouse, Exec-managerial,55, United-States
44, Private,277720, Some-college,10, Married-civ-spouse, Adm-clerical,35, United-States
48, Local-gov,493862, HS-grad,9, Married-civ-spouse, Exec-managerial,38, United-States
27, Private,220754, HS-grad,9, Never-married, Adm-clerical,70, United-States
34, Self-emp-not-inc,209768, HS-grad,9, Married-civ-spouse, Exec-managerial,40, United-States
35, Private,93225, HS-grad,9, Married-civ-spouse, Craft-repair,40, United-States
28, Federal-gov,341709, HS-grad,9, Never-married, Craft-repair,40, United-States
25, Private,236242, Prof-school,15, Never-married, Prof-specialty,30, United-States
21, Private,121889, Some-college,10, Never-married, Sales,20, United-States
18, Private,318190, 11th,7, Never-married, Other-service,15, United-States
63, Self-emp-not-inc,111306, 7th-8th,4, Widowed, Farming-fishing,10, United-States
18, Private,198614, 11th,7, Never-married, Sales,8, United-States
32, Private,193231, HS-grad,9, Married-civ-spouse, Craft-repair,40, United-States
25, ?,104614, 11th,7, Never-married, ?,40, United-States
19, Private,172368, 11th,7, Never-married, Transport-moving,20, United-States
23, Private,60331, Some-college,10, Never-married, Transport-moving,60, United-States
38, Private,154568, Masters,14, Married-civ-spouse, Exec-managerial,40, ?
36, Private,192939, Masters,14, Married-civ-spouse, Prof-specialty,60, United-States
43, Private,138184, HS-grad,9, Divorced, Other-service,35, United-States
45, Private,238567, Bachelors,13, Married-civ-spouse, Exec-managerial,40, England
30, Private,208068, HS-grad,9, Married-civ-spouse, Craft-repair,40, Mexico
46, Private,181810, HS-grad,9, Married-civ-spouse, Craft-repair,40, United-States
24, Federal-gov,283918, Some-college,10, Divorced, Adm-clerical,25, United-States
42, Private,107276, Some-college,10, Never-married, Exec-managerial,40, United-States
23, Private,37783, Some-college,10, Never-married, Sales,40, United-States
27, Private,263552, HS-grad,9, Never-married, Adm-clerical,50, United-States
48, Private,255439, Some-college,10, Never-married, Handlers-cleaners,40, United-States
31, Self-emp-inc,344275, HS-grad,9, Never-married, Craft-repair,44, United-States
31, Private,70568, 1st-4th,2, Never-married, Other-service,25, El-Salvador
18, Private,127827, 12th,8, Never-married, Sales,25, United-States
36, Private,185203, HS-grad,9, Never-married, Sales,40, United-States
58, Private,123436, Bachelors,13, Married-civ-spouse, Exec-managerial,50, United-States
51, Self-emp-not-inc,136322, HS-grad,9, Married-civ-spouse, Farming-fishing,40, United-States
22, Private,187052, HS-grad,9, Never-married, Adm-clerical,40, United-States
72, Private,177769, 10th,6, Married-civ-spouse, Sales,15, United-States
61, Private,68268, 10th,6, Married-civ-spouse, Farming-fishing,55, United-States
42, Private,424855, Some-college,10, Married-civ-spouse, Machine-op-inspct,40, United-States
37, Federal-gov,81853, HS-grad,9, Divorced, Prof-specialty,40, ?
30, Self-emp-inc,153549, HS-grad,9, Married-civ-spouse, Exec-managerial,50, United-States
40, Private,271393, Assoc-acdm,12, Divorced, Exec-managerial,40, United-States
20, Private,198148, HS-grad,9, Never-married, Adm-clerical,40, United-States
65, Private,469602, Bachelors,13, Married-civ-spouse, Sales,15, United-States
36, Private,163290, Some-college,10, Divorced, Sales,40, United-States
37, Private,295949, HS-grad,9, Never-married, Machine-op-inspct,40, United-States
33, Self-emp-not-inc,125279, Some-college,10, Married-civ-spouse, Sales,60, United-States
64, Local-gov,182866, HS-grad,9, Widowed, Other-service,40, United-States
61, Self-emp-not-inc,111563, Bachelors,13, Married-civ-spouse, Farming-fishing,20, United-States
38, Private,34173, Bachelors,13, Never-married, Sales,45, United-States
27, Private,183627, Bachelors,13, Married-civ-spouse, Exec-managerial,50, United-States
24, Private,197757, Bachelors,13, Never-married, Prof-specialty,40, Philippines
39, Private,98941, Bachelors,13, Never-married, Prof-specialty,40, United-States
44, Private,205474, Bachelors,13, Married-civ-spouse, Sales,40, United-States
47, Private,206659, Some-college,10, Divorced, Adm-clerical,40, United-States
73, ?,191394, Prof-school,15, Married-civ-spouse, ?,40, United-States
66, Private,244661, Bachelors,13, Married-civ-spouse, Adm-clerical,40, Philippines
53, Private,47396, Some-college,10, Married-civ-spouse, Adm-clerical,50, United-States
43, State-gov,270721, Bachelors,13, Married-civ-spouse, Exec-managerial,55, United-States
57, State-gov,32694, Doctorate,16, Married-civ-spouse, Prof-specialty,40, United-States
44, Private,171256, Assoc-acdm,12, Divorced, Machine-op-inspct,45, United-States
59, Private,169982, Bachelors,13, Married-civ-spouse, Exec-managerial,50, United-States
52, Self-emp-not-inc,217210, HS-grad,9, Widowed, Other-service,40, United-States
46, Private,218329, Some-college,10, Never-married, Craft-repair,40, United-States
20, Private,386643, Some-college,10, Never-married, Other-service,40, United-States
37, Federal-gov,125933, HS-grad,9, Married-civ-spouse, Adm-clerical,40, United-States
41, Self-emp-not-inc,155767, Some-college,10, Married-civ-spouse, Exec-managerial,50, United-States
39, Federal-gov,432555, HS-grad,9, Married-civ-spouse, Adm-clerical,40, United-States
30, Private,54929, HS-grad,9, Married-civ-spouse, Sales,55, United-States
59, Private,162136, Some-college,10, Divorced, Machine-op-inspct,56, United-States
22, Private,256504, Bachelors,13, Never-married, Adm-clerical,40, United-States
40, Private,162098, HS-grad,9, Divorced, Adm-clerical,30, United-States
39, Self-emp-not-inc,103110, Bachelors,13, Married-civ-spouse, Prof-specialty,50, United-States
24, Private,227610, 10th,6, Divorced, Handlers-cleaners,58, United-States
63, Private,176696, HS-grad,9, Married-civ-spouse, Craft-repair,40, United-States
51, Private,220019, Assoc-acdm,12, Divorced, Prof-specialty,40, United-States
34, Self-emp-inc,242984, Bachelors,13, Never-married, Exec-managerial,50, United-States
38, Private,187847, Assoc-voc,11, Married-civ-spouse, Exec-managerial,50, United-States
17, Private,132636, 11th,7, Never-married, Sales,15, United-States
20, Private,108887, Some-college,10, Never-married, Adm-clerical,25, United-States
42, Self-emp-not-inc,195897, HS-grad,9, Married-civ-spouse, Craft-repair,40, United-States
41, Private,112181, Bachelors,13, Married-civ-spouse, Sales,12, United-States
56, Local-gov,391926, HS-grad,9, Married-civ-spouse, Exec-managerial,40, United-States
17, Private,195505, 10th,6, Never-married, Sales,5, United-States
31, Private,43819, Bachelors,13, Married-civ-spouse, Prof-specialty,43, United-States
23, Private,145389, Some-college,10, Married-civ-spouse, Sales,40, United-States
33, ?,186824, Some-college,10, Never-married, ?,40, United-States
36, Local-gov,101833, Bachelors,13, Separated, Prof-specialty,40, United-States
37, Private,82283, 5th-6th,3, Married-civ-spouse, Other-service,40, ?
52, Private,99602, HS-grad,9, Separated, Craft-repair,40, United-States
28, Private,213276, HS-grad,9, Married-civ-spouse, Exec-managerial,50, United-States
59, Private,424468, HS-grad,9, Married-civ-spouse, Craft-repair,40, ?
30, Private,176123, 10th,6, Never-married, Machine-op-inspct,40, Vietnam
32, Private,38797, Assoc-voc,11, Never-married, Craft-repair,40, United-States
30, Private,101859, 7th-8th,4, Never-married, Craft-repair,50, United-States
53, Private,87158, HS-grad,9, Married-civ-spouse, Craft-repair,40, United-States
54, Self-emp-not-inc,205066, 10th,6, Married-civ-spouse, Craft-repair,36, United-States
26, Private,56929, Bachelors,13, Never-married, Exec-managerial,50, ?
34, Private,25322, Bachelors,13, Married-spouse-absent, Machine-op-inspct,40, ?
31, Private,87950, Assoc-voc,11, Divorced, Sales,40, United-States
34, Private,150154, HS-grad,9, Never-married, Adm-clerical,40, United-States
58, Private,142076, HS-grad,9, Divorced, Tech-support,39, United-States
30, State-gov,112139, HS-grad,9, Married-civ-spouse, Protective-serv,40, United-States
53, Private,149217, HS-grad,9, Married-civ-spouse, Craft-repair,40, Puerto-Rico
27, Private,189974, Some-college,10, Divorced, Adm-clerical,20, United-States
23, Private,109199, 5th-6th,3, Married-civ-spouse, Handlers-cleaners,40, Mexico
24, Private,190290, Assoc-voc,11, Married-civ-spouse, Craft-repair,45, United-States
36, Private,189404, Bachelors,13, Married-civ-spouse, Sales,35, United-States
33, Federal-gov,428271, HS-grad,9, Divorced, Adm-clerical,35, United-States
22, State-gov,134192, Some-college,10, Never-married, Tech-support,10, United-States
47, Private,168211, HS-grad,9, Married-civ-spouse, Craft-repair,44, United-States
34, Private,277314, Assoc-acdm,12, Married-civ-spouse, Sales,50, United-States
44, Federal-gov,316120, Prof-school,15, Divorced, Prof-specialty,40, United-States
41, Private,107276, Assoc-voc,11, Never-married, Prof-specialty,45, United-States
45, ?,112453, HS-grad,9, Separated, ?,4, United-States
24, Private,346909, HS-grad,9, Married-civ-spouse, Craft-repair,44, Mexico
65, ?,105017, Bachelors,13, Married-civ-spouse, ?,40, United-States
45, Private,317360, Bachelors,13, Divorced, Prof-specialty,50, United-States
23, Private,189017, Bachelors,13, Never-married, Sales,55, United-States
54, Private,138179, HS-grad,9, Married-civ-spouse, Machine-op-inspct,40, United-States
40, Private,299813, 11th,7, Never-married, Machine-op-inspct,37, Dominican-Republic
45, Private,265083, 5th-6th,3, Divorced, Priv-house-serv,35, Mexico
50, Private,185846, HS-grad,9, Married-civ-spouse, Sales,40, United-States
40, Private,184655, Assoc-acdm,12, Never-married, Other-service,25, United-States
24, Private,200295, Some-college,10, Never-married, Craft-repair,40, United-States
42, Private,117319, HS-grad,9, Married-civ-spouse, Craft-repair,40, United-States
50, Private,63000, Some-college,10, Married-civ-spouse, Sales,60, United-States
58, Self-emp-not-inc,106942, Some-college,10, Divorced, Craft-repair,40, United-States
47, Private,52795, Some-college,10, Married-civ-spouse, Machine-op-inspct,46, United-States
37, Private,51264, Doctorate,16, Married-civ-spouse, Prof-specialty,99, France
37, Self-emp-not-inc,410919, HS-grad,9, Never-married, Craft-repair,35, United-States
22, Private,105592, Assoc-acdm,12, Never-married, Transport-moving,45, United-States
29, Self-emp-not-inc,183151, HS-grad,9, Married-civ-spouse, Transport-moving,48, United-States
45, Private,209912, Bachelors,13, Married-civ-spouse, Exec-managerial,40, India
49, Self-emp-not-inc,275845, Some-college,10, Married-civ-spouse, Exec-managerial,60, United-States
44, Local-gov,241851, Assoc-voc,11, Married-civ-spouse, Transport-moving,40, United-States
72, Private,89299, HS-grad,9, Divorced, Other-service,16, United-States
63, Self-emp-not-inc,106648, HS-grad,9, Married-civ-spouse, Other-service,12, United-States
26, Private,58426, HS-grad,9, Married-civ-spouse, Prof-specialty,50, United-States
58, Self-emp-not-inc,121912, Assoc-voc,11, Married-civ-spouse, Craft-repair,42, United-States
40, Private,170730, HS-grad,9, Married-civ-spouse, Craft-repair,50, United-States
56, Private,257555, Some-college,10, Married-civ-spouse, Sales,40, United-States
55, Self-emp-not-inc,51499, Some-college,10, Married-civ-spouse, Farming-fishing,72, United-States
28, Private,195000, Bachelors,13, Never-married, Sales,45, United-States
57, Private,108741, HS-grad,9, Married-civ-spouse, Exec-managerial,40, United-States
37, Private,184964, Masters,14, Divorced, Exec-managerial,45, United-States
44, Private,156815, HS-grad,9, Divorced, Adm-clerical,40, United-States
31, Private,49325, HS-grad,9, Married-civ-spouse, Machine-op-inspct,40, United-States
42, Private,121718, Some-college,10, Married-civ-spouse, Adm-clerical,40, Germany
18, Private,172076, Some-college,10, Never-married, Other-service,25, United-States
57, Self-emp-not-inc,327901, 10th,6, Married-civ-spouse, Craft-repair,40, United-States
53, Local-gov,215990, Some-college,10, Married-civ-spouse, Other-service,35, United-States
38, Private,210866, HS-grad,9, Married-civ-spouse, Exec-managerial,44, United-States
33, Private,322873, HS-grad,9, Divorced, Sales,50, United-States
42, Private,265698, Masters,14, Divorced, Prof-specialty,40, United-States
70, ?,26990, HS-grad,9, Married-civ-spouse, ?,60, United-States
50, Private,177896, HS-grad,9, Married-civ-spouse, Craft-repair,50, United-States
50, Private,189107, HS-grad,9, Married-civ-spouse, Machine-op-inspct,40, United-States
28, Private,306830, Assoc-acdm,12, Married-civ-spouse, Handlers-cleaners,40, Nicaragua
72, Federal-gov,39110, 11th,7, Divorced, Adm-clerical,8, Canada
33, Private,155475, HS-grad,9, Married-civ-spouse, Sales,40, United-States
47, Private,135803, HS-grad,9, Married-civ-spouse, Other-service,25, Philippines
48, Private,117849, Some-college,10, Married-civ-spouse, Prof-specialty,40, United-States
64, Self-emp-not-inc,339321, Bachelors,13, Married-civ-spouse, Prof-specialty,24, United-States
19, Private,318822, 11th,7, Never-married, Priv-house-serv,35, United-States
48, Private,174794, Assoc-voc,11, Divorced, Adm-clerical,40, United-States
37, Private,204277, HS-grad,9, Married-civ-spouse, Machine-op-inspct,48, United-States
55, Private,182460, HS-grad,9, Married-civ-spouse, Craft-repair,35, United-States
24, Private,193920, Masters,14, Never-married, Priv-house-serv,45, ?
42, Federal-gov,91468, HS-grad,9, Divorced, Adm-clerical,40, United-States
43, Private,106760, HS-grad,9, Married-civ-spouse, Adm-clerical,50, Canada
34, Private,375680, Assoc-acdm,12, Never-married, Craft-repair,40, United-States
55, Self-emp-inc,222615, Masters,14, Married-civ-spouse, Exec-managerial,60, United-States
22, Private,190968, HS-grad,9, Married-civ-spouse, Other-service,40, United-States
39, Private,76767, Some-college,10, Divorced, Adm-clerical,60, United-States
50, Self-emp-not-inc,203098, Bachelors,13, Married-civ-spouse, Exec-managerial,35, United-States
47, Local-gov,162187, Some-college,10, Married-civ-spouse, Transport-moving,40, United-States
25, Private,242729, Bachelors,13, Never-married, Sales,20, United-States
52, Private,253784, 11th,7, Divorced, Other-service,20, United-States
30, Private,206051, HS-grad,9, Married-civ-spouse, Transport-moving,40, United-States
37, Self-emp-not-inc,181553, HS-grad,9, Divorced, Craft-repair,50, United-States
73, Self-emp-inc,80986, HS-grad,9, Married-civ-spouse, Sales,20, United-States
50, Private,200783, 7th-8th,4, Divorced, Craft-repair,60, United-States
34, Private,42596, Some-college,10, Married-civ-spouse, Exec-managerial,45, United-States
24, Private,464502, Assoc-acdm,12, Never-married, Sales,40, ?
66, Private,205724, Some-college,10, Married-civ-spouse, Sales,24, United-States
22, Private,446140, HS-grad,9, Never-married, Sales,55, United-States
69, Local-gov,32287, 10th,6, Married-civ-spouse, Transport-moving,25, United-States
23, Private,56774, HS-grad,9, Never-married, Craft-repair,40, United-States
55, Private,308118, Bachelors,13, Widowed, Machine-op-inspct,40, ?
35, Private,176279, Some-college,10, Widowed, Adm-clerical,30, United-States
20, Private,103277, Some-college,10, Never-married, Adm-clerical,35, United-States
70, Self-emp-inc,225780, Some-college,10, Married-civ-spouse, Exec-managerial,20, United-States
54, Private,154728, Assoc-voc,11, Married-civ-spouse, Tech-support,40, United-States
34, Private,149943, HS-grad,9, Never-married, Other-service,40, Japan
38, State-gov,22245, Doctorate,16, Married-civ-spouse, Prof-specialty,45, United-States
33, Private,93056, 7th-8th,4, Divorced, Handlers-cleaners,40, United-States
43, Private,270522, HS-grad,9, Separated, Other-service,26, United-States
60, Self-emp-inc,123218, Some-college,10, Married-civ-spouse, Exec-managerial,40, United-States
81, Self-emp-not-inc,123959, Bachelors,13, Widowed, Prof-specialty,3, Hungary
32, Self-emp-not-inc,103642, HS-grad,9, Married-civ-spouse, Exec-managerial,55, United-States
34, Private,157747, HS-grad,9, Married-civ-spouse, Transport-moving,45, United-States
46, Self-emp-not-inc,154083, Masters,14, Never-married, Exec-managerial,25, United-States
30, State-gov,23037, Some-college,10, Never-married, Other-service,84, United-States
23, ?,226891, HS-grad,9, Never-married, ?,20, South
29, Private,50028, Some-college,10, Married-civ-spouse, Other-service,40, United-States
51, Private,138251, HS-grad,9, Married-civ-spouse, Transport-moving,60, United-States
31, Private,369825, 7th-8th,4, Never-married, Handlers-cleaners,25, United-States
36, Federal-gov,44364, HS-grad,9, Never-married, Adm-clerical,36, United-States
23, Private,230704, Some-college,10, Never-married, Handlers-cleaners,22, United-States
35, Private,42044, HS-grad,9, Married-civ-spouse, Machine-op-inspct,30, United-States
28, Local-gov,56340, Masters,14, Never-married, Prof-specialty,40, United-States
33, State-gov,156015, Bachelors,13, Married-civ-spouse, Exec-managerial,40, United-States
40, Private,163434, Some-college,10, Married-civ-spouse, Handlers-cleaners,40, United-States
27, Private,85251, Some-college,10, Married-civ-spouse, Transport-moving,45, United-States
38, Self-emp-inc,187411, HS-grad,9, Married-civ-spouse, Exec-managerial,40, United-States
47, Private,155124, Assoc-voc,11, Divorced, Prof-specialty,40, United-States
25, Private,396633, Some-college,10, Married-civ-spouse, Adm-clerical,56, United-States
45, Private,182313, Bachelors,13, Married-civ-spouse, Exec-managerial,50, United-States
38, Private,52596, Some-college,10, Never-married, Adm-clerical,40, United-States
66, ?,260111, Some-college,10, Married-civ-spouse, ?,40, United-States
65, Local-gov,143570, Some-college,10, Never-married, Prof-specialty,40, United-States
30, Private,160634, Assoc-voc,11, Never-married, Craft-repair,40, United-States
54, Private,29909, 11th,7, Married-civ-spouse, Other-service,43, United-States
49, Private,94215, 12th,8, Divorced, Machine-op-inspct,40, United-States
41, Self-emp-not-inc,151990, Assoc-voc,11, Married-civ-spouse, Prof-specialty,15, United-States
48, Federal-gov,188081, HS-grad,9, Married-civ-spouse, Adm-clerical,40, United-States
23, Private,218445, 5th-6th,3, Never-married, Priv-house-serv,12, Mexico
77, Private,235775, HS-grad,9, Married-civ-spouse, Other-service,25, Cuba
19, Private,98605, Some-college,10, Never-married, Other-service,20, United-States
30, Private,188398, HS-grad,9, Married-spouse-absent, Adm-clerical,30, United-States
41, Self-emp-inc,140365, Bachelors,13, Married-civ-spouse, Exec-managerial,55, United-States
35, Private,202950, HS-grad,9, Married-civ-spouse, Exec-managerial,55, Iran
20, Private,218215, Some-college,10, Never-married, Adm-clerical,40, United-States
66, Self-emp-inc,197816, Bachelors,13, Married-civ-spouse, Exec-managerial,40, United-States
49, Private,147002, HS-grad,9, Never-married, Craft-repair,40, Puerto-Rico
52, Private,138497, Bachelors,13, Married-civ-spouse, Sales,45, United-States
24, Private,57711, Masters,14, Married-civ-spouse, Prof-specialty,35, United-States
50, Private,169925, HS-grad,9, Married-civ-spouse, Craft-repair,15, United-States
22, Private,72310, 11th,7, Never-married, Transport-moving,65, United-States
19, Private,170800, Some-college,10, Never-married, Other-service,20, United-States
39, Private,215095, 11th,7, Never-married, Prof-specialty,30, Puerto-Rico
45, Private,480717, Bachelors,13, Married-civ-spouse, Other-service,38, ?
61, Local-gov,34632, Bachelors,13, Divorced, Other-service,30, United-States
45, Private,140664, Assoc-acdm,12, Divorced, Transport-moving,55, United-States
36, Local-gov,177858, Bachelors,13, Married-civ-spouse, Prof-specialty,40, United-States
40, Private,160369, Masters,14, Married-civ-spouse, Exec-managerial,45, United-States
38, Private,129102, HS-grad,9, Married-civ-spouse, Exec-managerial,50, United-States
52, Local-gov,278522, Some-college,10, Married-civ-spouse, Transport-moving,40, United-States
29, Federal-gov,124953, Assoc-voc,11, Married-civ-spouse, Tech-support,42, United-States
33, Private,63184, HS-grad,9, Never-married, Farming-fishing,40, United-States
40, Self-emp-not-inc,165815, Some-college,10, Never-married, Craft-repair,40, United-States
34, Private,248584, HS-grad,9, Never-married, Craft-repair,55, United-States
46, Local-gov,226871, Bachelors,13, Divorced, Protective-serv,50, United-States
44, Private,267717, Masters,14, Married-civ-spouse, Craft-repair,45, United-States
19, Private,60367, HS-grad,9, Never-married, Other-service,13, United-States
44, Private,134120, HS-grad,9, Married-civ-spouse, Adm-clerical,40, United-States
40, Private,95639, HS-grad,9, Never-married, Craft-repair,40, United-States
20, Private,132053, Some-college,10, Never-married, Prof-specialty,2, United-States
24, Private,138768, Assoc-acdm,12, Never-married, Handlers-cleaners,30, United-States
76, Private,203910, HS-grad,9, Widowed, Other-service,17, United-States
20, Private,109952, HS-grad,9, Married-civ-spouse, Tech-support,40, United-States
33, Private,155781, Prof-school,15, Never-married, Prof-specialty,40, United-States
31, Private,49398, Some-college,10, Married-civ-spouse, Tech-support,40, United-States
33, Private,159303, HS-grad,9, Divorced, Other-service,40, United-States
19, Private,248339, HS-grad,9, Never-married, Craft-repair,35, United-States
29, Private,190539, Bachelors,13, Never-married, Exec-managerial,50, United-States
30, Private,183620, HS-grad,9, Married-civ-spouse, Sales,45, United-States
48, Private,25468, Masters,14, Divorced, Exec-managerial,50, United-States
42, Private,201495, Bachelors,13, Married-civ-spouse, Exec-managerial,40, United-States
37, Private,52221, 11th,7, Married-civ-spouse, Transport-moving,40, United-States
54, Self-emp-inc,96460, HS-grad,9, Married-civ-spouse, Exec-managerial,60, United-States
42, Private,325353, Assoc-acdm,12, Married-civ-spouse, Adm-clerical,42, United-States
28, Self-emp-not-inc,176027, HS-grad,9, Never-married, Other-service,28, United-States
42, Local-gov,266135, Some-college,10, Married-civ-spouse, Protective-serv,52, United-States
60, State-gov,194252, Masters,14, Married-civ-spouse, Exec-managerial,40, United-States
76, ?,164835, HS-grad,9, Widowed, ?,25, United-States
21, Private,363192, Assoc-voc,11, Never-married, Other-service,40, United-States
29, Private,31360, Some-college,10, Never-married, Farming-fishing,40, United-States
43, Private,63503, Bachelors,13, Married-civ-spouse, Prof-specialty,40, United-States
44, Private,157614, HS-grad,9, Divorced, Sales,38, United-States
45, Private,160647, Bachelors,13, Divorced, Adm-clerical,35, United-States
38, Private,363395, Some-college,10, Never-married, Sales,40, United-States
28, Private,338376, Some-college,10, Married-civ-spouse, Adm-clerical,50, United-States
29, Private,87523, HS-grad,9, Never-married, Sales,40, United-States
20, Private,280714, Some-college,10, Never-married, Other-service,40, United-States
49, Self-emp-inc,119565, Masters,14, Married-civ-spouse, Sales,40, United-States
36, Local-gov,171482, Some-college,10, Married-civ-spouse, Protective-serv,56, United-States
40, Self-emp-inc,49249, Bachelors,13, Married-civ-spouse, Exec-managerial,50, United-States
17, Private,331552, 12th,8, Never-married, Adm-clerical,30, United-States
45, Private,174426, HS-grad,9, Married-civ-spouse, Craft-repair,40, United-States
42, Private,184105, Some-college,10, Never-married, Farming-fishing,28, United-States
29, Private,37933, Bachelors,13, Never-married, Exec-managerial,40, United-States
57, Self-emp-not-inc,291529, Bachelors,13, Married-civ-spouse, Exec-managerial,13, United-States
23, Private,376416, Bachelors,13, Never-married, Adm-clerical,40, United-States
20, Private,263612, Some-college,10, Never-married, Adm-clerical,40, Haiti
23, Private,227471, HS-grad,9, Never-married, Handlers-cleaners,24, United-States
39, Private,191103, HS-grad,9, Never-married, Other-service,40, United-States
34, Private,35644, Some-college,10, Married-civ-spouse, Craft-repair,40, United-States
43, Self-emp-not-inc,227298, Bachelors,13, Never-married, Sales,45, United-States
25, State-gov,187508, Some-college,10, Never-married, Handlers-cleaners,40, United-States
40, Private,184378, Some-college,10, Married-civ-spouse, Sales,60, Puerto-Rico
52, Self-emp-not-inc,190333, HS-grad,9, Divorced, Farming-fishing,25, United-States
48, Private,155372, HS-grad,9, Widowed, Machine-op-inspct,36, United-States
37, Private,259882, Assoc-voc,11, Never-married, Sales,6, United-States
36, Private,217077, HS-grad,9, Married-civ-spouse, Sales,50, United-States
33, Private,103596, Assoc-voc,11, Married-civ-spouse, Transport-moving,40, United-States
36, Local-gov,188236, HS-grad,9, Married-civ-spouse, Adm-clerical,40, United-States
24, Private,353010, Bachelors,13, Never-married, Adm-clerical,10, United-States
42, Local-gov,70655, HS-grad,9, Divorced, Farming-fishing,40, United-States
35, Self-emp-inc,64874, Assoc-acdm,12, Never-married, Sales,40, United-States
40, Federal-gov,219240, HS-grad,9, Divorced, Adm-clerical,22, United-States
50, Self-emp-inc,104849, Prof-school,15, Married-civ-spouse, Prof-specialty,40, India
40, Private,173590, Masters,14, Married-civ-spouse, Exec-managerial,50, United-States
22, Private,412316, HS-grad,9, Never-married, Sales,40, ?
57, Self-emp-inc,195835, HS-grad,9, Married-civ-spouse, Exec-managerial,40, United-States
51, Local-gov,170579, HS-grad,9, Married-civ-spouse, Transport-moving,40, United-States
61, Federal-gov,230545, HS-grad,9, Never-married, Adm-clerical,35, Puerto-Rico
71, Private,162297, HS-grad,9, Widowed, Sales,20, United-States
47, Private,169549, HS-grad,9, Married-civ-spouse, Craft-repair,40, United-States
38, Private,117528, Bachelors,13, Never-married, Other-service,45, United-States
25, Private,273876, Bachelors,13, Never-married, Sales,65, United-States
33, Private,529104, 11th,7, Married-civ-spouse, Handlers-cleaners,50, United-States
40, State-gov,456110, 11th,7, Divorced, Transport-moving,52, United-States
39, ?,180868, 11th,7, Never-married, ?,40, United-States
29, Private,170301, HS-grad,9, Married-civ-spouse, Adm-clerical,40, United-States
33, Private,55717, HS-grad,9, Never-married, Craft-repair,40, United-States
46, Private,166181, Some-college,10, Never-married, Adm-clerical,36, United-States
24, Private,52242, HS-grad,9, Married-civ-spouse, Sales,40, United-States
28, Private,224629, Masters,14, Never-married, Exec-managerial,30, Cuba
20, Private,197997, HS-grad,9, Never-married, Craft-repair,40, United-States
34, Private,46144, Some-college,10, Divorced, Handlers-cleaners,40, United-States
34, State-gov,180871, Bachelors,13, Married-civ-spouse, Adm-clerical,55, United-States
25, Private,212311, Some-college,10, Never-married, Adm-clerical,40, United-States
36, Private,232874, Bachelors,13, Married-civ-spouse, Tech-support,40, United-States
61, Private,175999, HS-grad,9, Married-civ-spouse, Machine-op-inspct,40, United-States
38, Private,177121, Some-college,10, Separated, Other-service,58, United-States
57, Private,299358, HS-grad,9, Widowed, Other-service,25, United-States
20, ?,326624, HS-grad,9, Never-married, ?,40, United-States
56, Private,129836, HS-grad,9, Married-civ-spouse, Other-service,10, United-States
24, Private,225515, Bachelors,13, Never-married, Exec-managerial,40, United-States
60, Private,145664, Some-college,10, Divorced, Sales,48, United-States
37, Private,151764, Some-college,10, Married-civ-spouse, Exec-managerial,50, United-States
27, Private,183523, Some-college,10, Married-civ-spouse, Transport-moving,40, United-States
54, Private,257869, Some-college,10, Separated, Other-service,28, Columbia
40, Private,73025, HS-grad,9, Married-civ-spouse, Other-service,30, China
18, Private,165532, 12th,8, Never-married, Other-service,15, United-States
51, Federal-gov,140035, HS-grad,9, Married-civ-spouse, Adm-clerical,40, United-States
40, Self-emp-not-inc,325159, Some-college,10, Married-civ-spouse, Tech-support,50, United-States
64, Federal-gov,161926, HS-grad,9, Married-civ-spouse, Prof-specialty,8, United-States
24, Private,163665, HS-grad,9, Never-married, Other-service,40, United-States
33, Private,106938, HS-grad,9, Married-civ-spouse, Tech-support,38, United-States
31, Private,97453, HS-grad,9, Divorced, Exec-managerial,40, United-States
26, Local-gov,242464, HS-grad,9, Married-civ-spouse, Protective-serv,40, United-States
54, Private,155233, Bachelors,13, Never-married, Adm-clerical,40, United-States
31, Private,248653, 1st-4th,2, Never-married, Handlers-cleaners,37, Mexico
39, Private,59313, 12th,8, Married-spouse-absent, Transport-moving,45, ?
22, Private,141297, Some-college,10, Never-married, Tech-support,40, United-States
31, Private,227325, Some-college,10, Never-married, Craft-repair,40, United-States
68, Private,123653, 5th-6th,3, Separated, Other-service,12, Italy
59, Federal-gov,176317, 10th,6, Divorced, Other-service,37, United-States
35, Self-emp-not-inc,77146, HS-grad,9, Married-civ-spouse, Craft-repair,45, United-States
25, Private,169124, Bachelors,13, Never-married, Adm-clerical,40, United-States
23, Private,179413, HS-grad,9, Never-married, Craft-repair,40, United-States
35, Private,180137, Some-college,10, Divorced, Exec-managerial,60, United-States
17, State-gov,179319, 10th,6, Never-married, Other-service,30, United-States
19, Private,45766, Some-college,10, Never-married, Handlers-cleaners,45, United-States
53, Private,152810, Masters,14, Married-civ-spouse, Exec-managerial,55, United-States
59, Private,214052, 5th-6th,3, Divorced, Machine-op-inspct,40, United-States
37, Private,201141, HS-grad,9, Never-married, Adm-clerical,37, United-States
74, Self-emp-not-inc,43599, HS-grad,9, Widowed, Other-service,20, United-States
28, Private,292536, Some-college,10, Never-married, Transport-moving,50, United-States
40, Private,82161, Bachelors,13, Never-married, Adm-clerical,40, United-States
30, Private,180656, Some-college,10, Married-spouse-absent, Craft-repair,40, ?
20, Private,181370, Some-college,10, Never-married, Other-service,40, United-States
80, Private,148623, Prof-school,15, Married-civ-spouse, Prof-specialty,35, United-States
51, Private,84399, HS-grad,9, Married-civ-spouse, Machine-op-inspct,40, United-States
17, Private,143331, 10th,6, Never-married, Sales,15, United-States
37, Federal-gov,48779, Bachelors,13, Married-civ-spouse, Prof-specialty,40, United-States
19, ?,175495, HS-grad,9, Never-married, ?,24, United-States
58, Private,83542, HS-grad,9, Never-married, Other-service,40, United-States
57, Private,214619, Some-college,10, Married-civ-spouse, Craft-repair,40, United-States
37, Private,160035, Some-college,10, Divorced, Machine-op-inspct,40, United-States
23, Federal-gov,39603, Some-college,10, Never-married, Craft-repair,40, United-States
36, Private,181589, Bachelors,13, Never-married, Adm-clerical,32, Columbia
33, Private,261511, HS-grad,9, Married-civ-spouse, Craft-repair,40, United-States
30, Private,29522, Some-college,10, Married-civ-spouse, Sales,40, United-States
30, Private,36340, HS-grad,9, Never-married, Adm-clerical,24, United-States
41, Private,320984, Prof-school,15, Married-civ-spouse, Prof-specialty,65, United-States
57, ?,403625, Some-college,10, Married-civ-spouse, ?,60, United-States
23, Private,122346, HS-grad,9, Never-married, Sales,40, United-States
40, Private,105794, Prof-school,15, Never-married, Prof-specialty,50, United-States
53, Private,152883, HS-grad,9, Widowed, Adm-clerical,40, United-States
31, State-gov,123037, Some-college,10, Never-married, Tech-support,13, United-States
41, ?,339682, 5th-6th,3, Married-civ-spouse, ?,40, Mexico
36, Private,182074, HS-grad,9, Never-married, Adm-clerical,40, United-States
30, Private,248588, 12th,8, Divorced, Other-service,40, United-States
44, Private,187584, HS-grad,9, Married-civ-spouse, Protective-serv,40, Canada
36, Private,46706, HS-grad,9, Never-married, Other-service,40, United-States
42, Private,190290, Assoc-acdm,12, Married-civ-spouse, Prof-specialty,40, United-States
48, Self-emp-not-inc,247294, HS-grad,9, Married-civ-spouse, Craft-repair,30, Peru
22, Private,117779, Bachelors,13, Never-married, Prof-specialty,40, United-States
38, Private,121602, HS-grad,9, Married-civ-spouse, Machine-op-inspct,40, United-States
31, Private,451744, HS-grad,9, Never-married, Craft-repair,50, United-States
32, Private,107793, HS-grad,9, Divorced, Other-service,40, United-States
35, Private,339772, HS-grad,9, Married-civ-spouse, Handlers-cleaners,40, United-States
21, Private,185582, Some-college,10, Never-married, Sales,43, United-States
26, Private,260614, HS-grad,9, Married-civ-spouse, Machine-op-inspct,40, United-States
19, Local-gov,53220, HS-grad,9, Never-married, Adm-clerical,40, United-States
43, Private,213844, HS-grad,9, Married-AF-spouse, Craft-repair,42, United-States
33, Private,213226, HS-grad,9, Married-civ-spouse, Craft-repair,60, United-States
30, Private,58582, Bachelors,13, Never-married, Craft-repair,10, United-States
52, Private,193116, 10th,6, Married-civ-spouse, Transport-moving,45, United-States
38, Local-gov,201410, Bachelors,13, Married-civ-spouse, Exec-managerial,40, United-States
28, Private,190525, Bachelors,13, Married-civ-spouse, Exec-managerial,46, United-States
57, Self-emp-not-inc,138285, Assoc-acdm,12, Married-civ-spouse, Other-service,40, Iran
51, Private,111939, Bachelors,13, Married-civ-spouse, Prof-specialty,50, United-States
50, Private,109277, 9th,5, Married-civ-spouse, Machine-op-inspct,48, United-States
32, Private,331539, Bachelors,13, Married-civ-spouse, Exec-managerial,50, China
32, Private,396745, Bachelors,13, Married-civ-spouse, Prof-specialty,48, United-States
37, Private,126675, HS-grad,9, Married-civ-spouse, Craft-repair,40, United-States
69, Self-emp-not-inc,349022, HS-grad,9, Married-civ-spouse, Sales,33, United-States
33, ?,98145, Some-college,10, Divorced, ?,30, United-States
37, Private,234901, Some-college,10, Married-civ-spouse, Sales,50, Germany
36, Private,100681, Some-college,10, Never-married, Adm-clerical,40, United-States
47, Self-emp-not-inc,265097, HS-grad,9, Married-civ-spouse, Transport-moving,45, United-States
63, Private,237379, 10th,6, Married-civ-spouse, Transport-moving,40, United-States
21, Private,44793, Some-college,10, Never-married, Adm-clerical,65, United-States
17, Private,270942, HS-grad,9, Never-married, Other-service,35, Mexico
56, Private,193622, HS-grad,9, Separated, Craft-repair,40, United-States
90, Local-gov,187749, Assoc-acdm,12, Married-civ-spouse, Adm-clerical,20, Philippines
27, Private,160178, Some-college,10, Divorced, Adm-clerical,38, United-States
38, Private,680390, HS-grad,9, Divorced, Adm-clerical,20, United-States
33, Private,96245, Assoc-acdm,12, Married-civ-spouse, Prof-specialty,50, United-States
26, Private,34803, HS-grad,9, Never-married, Exec-managerial,40, United-States
20, Private,170091, Some-college,10, Never-married, Other-service,35, United-States
42, Private,231813, 11th,7, Married-civ-spouse, Transport-moving,40, United-States
55, Private,23789, HS-grad,9, Divorced, Exec-managerial,40, United-States
32, State-gov,438711, Some-college,10, Married-civ-spouse, Prof-specialty,40, United-States
66, Private,169804, Bachelors,13, Married-civ-spouse, Sales,40, United-States
66, Local-gov,376506, Doctorate,16, Divorced, Prof-specialty,40, United-States
49, Private,28791, Some-college,10, Divorced, Other-service,40, United-States
34, Private,162814, HS-grad,9, Divorced, Protective-serv,45, United-States
38, Private,58108, Bachelors,13, Married-civ-spouse, Exec-managerial,50, United-States
40, Self-emp-inc,102226, HS-grad,9, Married-civ-spouse, Exec-managerial,40, United-States
22, Federal-gov,209131, Assoc-acdm,12, Never-married, Other-service,20, United-States
46, Self-emp-not-inc,157117, HS-grad,9, Married-civ-spouse, Transport-moving,40, United-States
29, Private,172865, HS-grad,9, Married-civ-spouse, Machine-op-inspct,50, United-States
19, Private,29798, 12th,8, Never-married, Handlers-cleaners,20, United-States
71, ?,229424, HS-grad,9, Widowed, ?,40, United-States
37, Local-gov,80680, Bachelors,13, Divorced, Prof-specialty,35, United-States
52, Local-gov,238959, Masters,14, Never-married, Prof-specialty,32, United-States
27, Private,189462, Masters,14, Never-married, Adm-clerical,46, United-States
52, Private,139347, HS-grad,9, Married-civ-spouse, Transport-moving,40, United-States
31, Private,188108, HS-grad,9, Never-married, Craft-repair,40, United-States
37, Self-emp-inc,111128, Some-college,10, Married-civ-spouse, Craft-repair,50, United-States
28, Private,81540, HS-grad,9, Never-married, Handlers-cleaners,40, United-States
25, Private,257562, 7th-8th,4, Married-civ-spouse, Craft-repair,40, Mexico
31, Private,59496, Some-college,10, Married-civ-spouse, Adm-clerical,50, United-States
29, Private,29974, HS-grad,9, Married-civ-spouse, Craft-repair,40, United-States
45, Private,102597, HS-grad,9, Widowed, Adm-clerical,35, United-States
69, Private,41419, 7th-8th,4, Married-civ-spouse, Other-service,20, United-States
50, Private,118565, 11th,7, Married-civ-spouse, Machine-op-inspct,40, United-States
54, State-gov,312897, Doctorate,16, Married-civ-spouse, Prof-specialty,46, England
17, Private,166290, 9th,5, Never-married, Other-service,20, United-States
34, Private,160261, HS-grad,9, Never-married, Tech-support,35, China
32, Self-emp-not-inc,116834, HS-grad,9, Married-civ-spouse, Other-service,5, ?
23, Private,203076, Some-college,10, Never-married, Machine-op-inspct,40, United-States
66, Private,201197, Bachelors,13, Married-civ-spouse, Prof-specialty,45, United-States
61, Private,273803, HS-grad,9, Married-civ-spouse, Craft-repair,40, United-States
55, Private,156797, Some-college,10, Divorced, Machine-op-inspct,40, United-States
24, Private,283896, HS-grad,9, Never-married, Handlers-cleaners,40, United-States
30, Private,149368, HS-grad,9, Divorced, Sales,30, United-States
49, Private,156926, Assoc-voc,11, Divorced, Exec-managerial,45, United-States
21, ?,163911, Some-college,10, Never-married, ?,3, United-States
56, Self-emp-inc,165881, HS-grad,9, Married-civ-spouse, Sales,50, United-States
25, Private,86872, HS-grad,9, Married-civ-spouse, Sales,40, United-States
49, Private,167523, Bachelors,13, Divorced, Protective-serv,40, United-States
58, Private,154950, Bachelors,13, Married-civ-spouse, Tech-support,40, United-States
40, Federal-gov,171231, Bachelors,13, Never-married, Adm-clerical,40, Puerto-Rico
62, Private,244933, Masters,14, Divorced, Prof-specialty,45, United-States
54, Private,256908, Bachelors,13, Married-civ-spouse, Tech-support,25, United-States
34, Self-emp-not-inc,33442, Assoc-voc,11, Never-married, Other-service,40, United-States
18, Private,126142, 10th,6, Never-married, Craft-repair,30, United-States
28, ?,268222, 11th,7, Never-married, ?,40, United-States
32, Private,167106, HS-grad,9, Married-civ-spouse, Sales,40, Hong
22, Local-gov,50065, Bachelors,13, Never-married, Prof-specialty,35, United-States
34, State-gov,252529, Bachelors,13, Never-married, Prof-specialty,48, United-States
53, ?,199665, Bachelors,13, Married-civ-spouse, ?,30, United-States
47, Private,343579, HS-grad,9, Married-civ-spouse, Other-service,40, Mexico
19, Private,190817, Some-college,10, Never-married, Sales,40, United-States
41, Self-emp-inc,151089, Some-college,10, Married-civ-spouse, Exec-managerial,55, United-States
46, Private,186820, Some-college,10, Married-civ-spouse, Other-service,40, United-States
56, Self-emp-not-inc,210731, 7th-8th,4, Divorced, Sales,20, Mexico
42, Private,123816, HS-grad,9, Divorced, Machine-op-inspct,40, United-States
25, Private,77071, Bachelors,13, Never-married, Prof-specialty,35, United-States
42, Private,115085, HS-grad,9, Married-civ-spouse, Adm-clerical,50, United-States
43, Private,170525, Bachelors,13, Divorced, Prof-specialty,40, United-States
17, Private,209949, 11th,7, Never-married, Sales,12, United-States
57, Self-emp-not-inc,34297, 7th-8th,4, Married-civ-spouse, Craft-repair,40, United-States
40, Private,180985, Masters,14, Married-civ-spouse, Exec-managerial,50, United-States
62, Local-gov,33365, HS-grad,9, Widowed, Other-service,40, Canada
20, Private,197752, Some-college,10, Never-married, Adm-clerical,16, United-States
47, Private,180551, Some-college,10, Married-civ-spouse, Transport-moving,50, United-States
40, Private,77975, Some-college,10, Married-civ-spouse, Exec-managerial,40, United-States
44, Private,159297, HS-grad,9, Married-civ-spouse, Exec-managerial,40, ?
48, Private,94342, Bachelors,13, Married-civ-spouse, Craft-repair,55, United-States
39, Self-emp-inc,34180, Assoc-voc,11, Married-civ-spouse, Farming-fishing,60, United-States
46, Local-gov,367251, Some-college,10, Married-civ-spouse, Craft-repair,40, United-States
72, Self-emp-inc,172407, Prof-school,15, Married-civ-spouse, Prof-specialty,50, United-States
53, Private,303462, HS-grad,9, Married-civ-spouse, Machine-op-inspct,30, United-States
47, Federal-gov,220269, Some-college,10, Married-civ-spouse, Handlers-cleaners,40, United-States
40, Self-emp-not-inc,45093, HS-grad,9, Divorced, Craft-repair,45, Canada
34, Private,101709, HS-grad,9, Separated, Transport-moving,40, United-States
41, Private,219591, HS-grad,9, Never-married, Adm-clerical,40, United-States
41, Private,76625, HS-grad,9, Married-civ-spouse, Craft-repair,40, United-States
20, Private,342599, Some-college,10, Never-married, Handlers-cleaners,35, United-States
42, Self-emp-inc,125846, 1st-4th,2, Married-civ-spouse, Sales,60, ?
54, Local-gov,238257, Bachelors,13, Never-married, Prof-specialty,50, United-States
39, Self-emp-inc,206253, Bachelors,13, Married-civ-spouse, Prof-specialty,40, United-States
37, Private,172571, HS-grad,9, Divorced, Machine-op-inspct,40, United-States
59, Private,95165, Doctorate,16, Married-civ-spouse, Sales,40, United-States
69, Private,141181, 5th-6th,3, Married-civ-spouse, Adm-clerical,40, United-States
24, Private,267843, Bachelors,13, Never-married, Prof-specialty,35, United-States
36, Private,181382, Assoc-voc,11, Married-civ-spouse, Machine-op-inspct,40, United-States
21, ?,207782, Some-college,10, Never-married, ?,30, United-States
68, ?,103161, HS-grad,9, Widowed, ?,32, United-States
20, Private,132320, Some-college,10, Separated, Craft-repair,40, United-States
26, Self-emp-not-inc,201138, Assoc-voc,11, Never-married, Other-service,35, United-States
48, Private,239058, 12th,8, Widowed, Handlers-cleaners,50, United-States
39, Self-emp-inc,239755, Prof-school,15, Married-civ-spouse, Prof-specialty,50, United-States
21, Private,176262, Assoc-acdm,12, Never-married, Other-service,18, United-States
22, Private,264738, HS-grad,9, Never-married, Exec-managerial,42, Germany
34, Private,182218, Assoc-voc,11, Divorced, Prof-specialty,40, United-States
33, Private,318982, Some-college,10, Married-civ-spouse, Exec-managerial,45, United-States
46, Private,216666, 9th,5, Married-civ-spouse, Machine-op-inspct,40, Guatemala
47, Private,274200, 11th,7, Married-civ-spouse, Craft-repair,40, United-States
65, Private,150095, Bachelors,13, Married-civ-spouse, Exec-managerial,40, United-States
23, Private,192978, HS-grad,9, Married-civ-spouse, Handlers-cleaners,40, United-States
28, Private,68021, Some-college,10, Never-married, Other-service,30, United-States
34, Self-emp-not-inc,28568, HS-grad,9, Divorced, Exec-managerial,60, United-States
20, Private,115057, Some-college,10, Never-married, Other-service,40, United-States
28, Private,139568, 11th,7, Never-married, Adm-clerical,40, United-States
52, Self-emp-inc,138497, Bachelors,13, Married-civ-spouse, Exec-managerial,60, United-States
40, State-gov,182460, Masters,14, Married-civ-spouse, Prof-specialty,38, China
22, Private,253310, Bachelors,13, Never-married, Exec-managerial,7, United-States
29, Self-emp-inc,130856, HS-grad,9, Married-civ-spouse, Exec-managerial,45, United-States
31, Self-emp-not-inc,389765, 7th-8th,4, Married-civ-spouse, Prof-specialty,60, United-States
42, Federal-gov,52781, Masters,14, Married-civ-spouse, Prof-specialty,40, United-States
38, Private,146178, HS-grad,9, Never-married, Craft-repair,40, United-States
22, Private,231053, 11th,7, Married-civ-spouse, Machine-op-inspct,70, United-States
21, ?,145964, Some-college,10, Never-married, ?,40, United-States
43, Private,483450, 9th,5, Married-civ-spouse, Exec-managerial,40, Mexico
43, Self-emp-inc,198316, Bachelors,13, Married-civ-spouse, Exec-managerial,50, United-States
33, Private,160614, Some-college,10, Married-civ-spouse, Exec-managerial,50, United-States
17, Self-emp-inc,325171, 10th,6, Never-married, Other-service,35, United-States
54, Self-emp-not-inc,172898, Prof-school,15, Married-civ-spouse, Prof-specialty,50, United-States
45, Private,186473, HS-grad,9, Divorced, Adm-clerical,40, United-States
55, Local-gov,286967, 10th,6, Married-civ-spouse, Craft-repair,45, United-States
51, Self-emp-not-inc,111939, HS-grad,9, Married-civ-spouse, Transport-moving,35, United-States
65, Federal-gov,325089, 10th,6, Divorced, Craft-repair,40, United-States
21, Private,143582, Bachelors,13, Never-married, Prof-specialty,45, United-States
40, Private,308027, HS-grad,9, Widowed, Other-service,40, United-States
58, Private,105060, Some-college,10, Never-married, Adm-clerical,37, United-States
53, Federal-gov,39643, HS-grad,9, Widowed, Exec-managerial,58, United-States
39, Private,186191, Masters,14, Married-civ-spouse, Prof-specialty,50, United-States
56, Local-gov,267763, HS-grad,9, Married-civ-spouse, Other-service,40, United-States
37, Private,124293, Some-college,10, Married-civ-spouse, Adm-clerical,50, United-States
44, Private,36271, Bachelors,13, Married-civ-spouse, Craft-repair,40, United-States
49, Private,143459, 9th,5, Separated, Handlers-cleaners,38, United-States
36, Private,186376, Some-college,10, Married-civ-spouse, Machine-op-inspct,50, United-States
59, Self-emp-inc,52822, Bachelors,13, Married-civ-spouse, Craft-repair,60, United-States
33, Private,104509, HS-grad,9, Divorced, Adm-clerical,40, United-States
36, Private,184456, Prof-school,15, Never-married, Exec-managerial,50, United-States
26, Private,192302, Some-college,10, Married-civ-spouse, Exec-managerial,25, United-States
22, Private,156822, 10th,6, Never-married, Sales,25, United-States
25, Private,214413, Masters,14, Never-married, Adm-clerical,40, United-States
28, Private,108574, Some-college,10, Married-civ-spouse, Adm-clerical,15, United-States
41, Private,223934, Assoc-acdm,12, Divorced, Adm-clerical,38, United-States
45, Private,200559, Assoc-voc,11, Married-civ-spouse, Farming-fishing,70, United-States
43, Private,137722, HS-grad,9, Married-civ-spouse, Handlers-cleaners,40, United-States
30, Private,261677, 9th,5, Never-married, Handlers-cleaners,40, United-States
33, Private,136331, HS-grad,9, Married-spouse-absent, Craft-repair,50, United-States
34, Private,329993, Some-college,10, Married-civ-spouse, Adm-clerical,40, United-States
21, Private,91819, Assoc-voc,11, Never-married, Other-service,30, United-States
31, Private,201122, Bachelors,13, Married-civ-spouse, Sales,45, United-States
48, Private,315423, 5th-6th,3, Married-civ-spouse, Transport-moving,40, United-States
22, Private,103277, Some-college,10, Never-married, Adm-clerical,20, United-States
47, Private,236805, Some-college,10, Divorced, Sales,60, United-States
27, Private,74883, Bachelors,13, Never-married, Tech-support,40, Philippines
18, Private,115443, 11th,7, Never-married, Handlers-cleaners,25, United-States
43, Private,150528, Masters,14, Married-civ-spouse, Prof-specialty,40, United-States
36, Private,43701, Some-college,10, Widowed, Sales,20, United-States
37, Federal-gov,419053, HS-grad,9, Divorced, Craft-repair,40, United-States
24, Private,183594, Assoc-voc,11, Never-married, Craft-repair,20, United-States
24, Private,390348, HS-grad,9, Never-married, Transport-moving,40, United-States
38, Private,36989, Bachelors,13, Married-civ-spouse, Other-service,70, United-States
48, Private,247895, Bachelors,13, Married-civ-spouse, Exec-managerial,40, United-States
75, Private,191446, 1st-4th,2, Married-civ-spouse, Other-service,16, United-States
43, Self-emp-not-inc,33521, Bachelors,13, Divorced, Prof-specialty,70, United-States
64, Private,46087, Bachelors,13, Divorced, Exec-managerial,50, United-States
67, ?,129188, Doctorate,16, Married-civ-spouse, ?,5, United-States
36, Private,356824, HS-grad,9, Divorced, Sales,40, United-States
53, Private,158746, Some-college,10, Married-civ-spouse, Tech-support,40, United-States
22, Private,153323, Some-college,10, Never-married, Prof-specialty,20, United-States
73, Self-emp-not-inc,130391, HS-grad,9, Never-married, Other-service,36, United-States
46, Private,173613, HS-grad,9, Divorced, Adm-clerical,40, United-States
45, Private,362883, HS-grad,9, Married-civ-spouse, Craft-repair,40, United-States
43, Private,182757, HS-grad,9, Married-civ-spouse, Craft-repair,40, United-States
20, Private,50397, HS-grad,9, Never-married, Adm-clerical,20, United-States
43, Federal-gov,101709, Some-college,10, Divorced, Handlers-cleaners,40, United-States
21, Private,202570, 12th,8, Never-married, Adm-clerical,48, ?
40, Private,145649, HS-grad,9, Separated, Sales,25, United-States
36, Private,136343, Bachelors,13, Married-civ-spouse, Prof-specialty,40, United-States
64, Self-emp-inc,142166, Bachelors,13, Divorced, Sales,45, United-States
19, ?,242001, Some-college,10, Never-married, ?,40, United-States
46, Private,127089, Some-college,10, Married-civ-spouse, Prof-specialty,38, United-States
46, Local-gov,124071, Masters,14, Divorced, Exec-managerial,65, United-States
41, Local-gov,190368, Bachelors,13, Never-married, Prof-specialty,70, United-States
29, ?,19793, Some-college,10, Divorced, ?,8, United-States
28, Private,67661, Some-college,10, Never-married, Adm-clerical,40, United-States
23, Private,62278, Some-college,10, Married-civ-spouse, Sales,45, United-States
30, Federal-gov,295010, Bachelors,13, Never-married, Protective-serv,60, United-States
44, Private,203897, Bachelors,13, Married-spouse-absent, Adm-clerical,40, Cuba
27, Private,265314, HS-grad,9, Married-civ-spouse, Transport-moving,45, United-States
25, Private,159603, HS-grad,9, Never-married, Other-service,34, United-States
29, Private,134331, 10th,6, Married-civ-spouse, Craft-repair,40, United-States
54, Private,123011, HS-grad,9, Married-civ-spouse, Machine-op-inspct,40, Poland
27, Private,274964, Bachelors,13, Never-married, Farming-fishing,65, United-States
34, Private,66309, HS-grad,9, Married-civ-spouse, Craft-repair,35, United-States
38, Private,73471, Some-college,10, Married-civ-spouse, Sales,50, United-States
24, ?,26671, HS-grad,9, Never-married, ?,40, United-States
56, Private,357118, Masters,14, Married-civ-spouse, Prof-specialty,40, United-States
35, Self-emp-inc,184655, HS-grad,9, Married-civ-spouse, Sales,62, United-States
23, ?,55492, Assoc-voc,11, Never-married, ?,30, United-States
23, Private,175266, Some-college,10, Never-married, Craft-repair,40, United-States
19, Private,188008, Some-college,10, Never-married, Sales,20, United-States
42, Private,87284, Prof-school,15, Married-civ-spouse, Prof-specialty,35, United-States
46, Private,330087, Bachelors,13, Married-civ-spouse, Exec-managerial,45, United-States
48, Self-emp-inc,56975, HS-grad,9, Divorced, Sales,84, ?
27, Private,150025, HS-grad,9, Never-married, Sales,40, Puerto-Rico
22, ?,189203, Assoc-acdm,12, Never-married, ?,15, United-States
49, Self-emp-inc,330874, Some-college,10, Married-civ-spouse, Sales,70, United-States
23, Private,136824, Some-college,10, Never-married, Other-service,20, United-States
24, Private,201179, HS-grad,9, Never-married, Other-service,40, United-States
34, Private,324654, HS-grad,9, Never-married, Machine-op-inspct,40, China
25, Federal-gov,366207, HS-grad,9, Never-married, Transport-moving,40, United-States
33, Self-emp-not-inc,103860, Some-college,10, Married-civ-spouse, Craft-repair,50, United-States
22, Private,106700, Assoc-acdm,12, Never-married, Adm-clerical,27, United-States
54, Local-gov,163557, HS-grad,9, Never-married, Adm-clerical,30, United-States
39, Self-emp-inc,286261, Masters,14, Never-married, Prof-specialty,40, United-States
25, Private,123083, Bachelors,13, Never-married, Prof-specialty,40, United-States
75, Self-emp-inc,125197, HS-grad,9, Married-civ-spouse, Adm-clerical,26, United-States
28, Self-emp-not-inc,278073, HS-grad,9, Never-married, Machine-op-inspct,30, United-States
50, Private,133963, Bachelors,13, Divorced, Sales,50, United-States
62, Self-emp-not-inc,71467, Bachelors,13, Married-civ-spouse, Craft-repair,55, United-States
40, Private,76487, HS-grad,9, Married-civ-spouse, Machine-op-inspct,40, United-States
58, Local-gov,215245, Bachelors,13, Never-married, Prof-specialty,37, United-States
24, Federal-gov,127185, Assoc-acdm,12, Married-civ-spouse, Exec-managerial,40, United-States
21, Private,179720, HS-grad,9, Never-married, Other-service,30, United-States
40, Private,88909, Bachelors,13, Married-civ-spouse, Exec-managerial,50, United-States
45, Private,341995, Assoc-voc,11, Married-civ-spouse, Prof-specialty,42, United-States
48, Private,173938, HS-grad,9, Married-civ-spouse, Exec-managerial,60, United-States
34, Private,344275, HS-grad,9, Never-married, Transport-moving,70, United-States
23, Private,150463, HS-grad,9, Never-married, Priv-house-serv,40, Guatemala
43, Local-gov,209544, Masters,14, Never-married, Exec-managerial,50, United-States
42, Local-gov,201723, Some-college,10, Never-married, Craft-repair,40, United-States
39, Self-emp-not-inc,343476, Bachelors,13, Married-civ-spouse, Prof-specialty,50, Japan
52, Self-emp-inc,77392, HS-grad,9, Married-civ-spouse, Farming-fishing,60, United-States
21, ?,171156, Some-college,10, Never-married, ?,35, United-States
56, Self-emp-not-inc,357118, Bachelors,13, Never-married, Exec-managerial,60, United-States
48, Federal-gov,167749, HS-grad,9, Married-civ-spouse, Adm-clerical,40, United-States
37, Self-emp-not-inc,352882, HS-grad,9, Divorced, Exec-managerial,70, South
25, Private,51201, HS-grad,9, Married-civ-spouse, Craft-repair,35, United-States
40, Private,365986, Bachelors,13, Married-civ-spouse, Handlers-cleaners,40, United-States
34, Private,400416, 11th,7, Never-married, Machine-op-inspct,45, United-States
52, Private,31533, HS-grad,9, Divorced, Other-service,40, United-States
41, Private,106900, Bachelors,13, Married-civ-spouse, Tech-support,42, United-States
36, Local-gov,192337, HS-grad,9, Never-married, Other-service,40, United-States
21, Private,118712, Assoc-voc,11, Never-married, Craft-repair,40, United-States
28, Private,301654, Bachelors,13, Never-married, Prof-specialty,40, United-States
31, Self-emp-not-inc,145162, Bachelors,13, Married-civ-spouse, Exec-managerial,60, ?
20, Private,88126, Some-college,10, Never-married, Adm-clerical,9, England
68, Private,165017, HS-grad,9, Married-civ-spouse, Prof-specialty,40, Italy
35, Private,238342, HS-grad,9, Married-civ-spouse, Transport-moving,40, United-States
32, Private,857532, HS-grad,9, Never-married, Machine-op-inspct,40, United-States
64, Private,134378, Masters,14, Married-civ-spouse, Exec-managerial,50, United-States
17, Private,260797, 10th,6, Never-married, Handlers-cleaners,23, United-States
25, Private,138765, Bachelors,13, Never-married, Prof-specialty,20, United-States
74, ?,256674, HS-grad,9, Widowed, ?,25, United-States
31, Private,247444, Assoc-voc,11, Married-civ-spouse, Machine-op-inspct,40, Columbia
51, State-gov,454063, Doctorate,16, Married-civ-spouse, Exec-managerial,40, United-States
67, Private,180539, HS-grad,9, Married-civ-spouse, Sales,10, United-States
42, Private,397346, HS-grad,9, Never-married, Craft-repair,40, United-States
29, Private,107160, HS-grad,9, Never-married, Other-service,40, United-States
31, Private,262024, HS-grad,9, Married-civ-spouse, Machine-op-inspct,40, United-States
21, Private,131230, HS-grad,9, Married-civ-spouse, Craft-repair,37, United-States
67, Private,274451, 10th,6, Married-civ-spouse, Transport-moving,16, United-States
41, State-gov,365986, HS-grad,9, Divorced, Protective-serv,40, United-States
27, Private,204515, Bachelors,13, Never-married, Tech-support,36, United-States
51, Private,99316, 12th,8, Divorced, Transport-moving,50, United-States
21, ?,206681, 11th,7, Married-civ-spouse, ?,40, United-States
28, Private,268726, HS-grad,9, Married-civ-spouse, Craft-repair,46, United-States
21, Private,275395, Some-college,10, Never-married, Craft-repair,40, United-States
28, Private,383322, Assoc-voc,11, Married-civ-spouse, Machine-op-inspct,40, United-States
29, Private,126822, HS-grad,9, Married-civ-spouse, Other-service,35, United-States
39, Self-emp-inc,168355, HS-grad,9, Married-civ-spouse, Exec-managerial,70, United-States
21, Private,162667, Bachelors,13, Never-married, Adm-clerical,40, Columbia
43, Private,373403, Assoc-voc,11, Married-civ-spouse, Craft-repair,40, United-States
44, Self-emp-not-inc,274562, HS-grad,9, Never-married, Craft-repair,40, United-States
28, Private,249362, 11th,7, Married-civ-spouse, Transport-moving,50, United-States
31, Private,111567, 9th,5, Never-married, Sales,43, United-States
18, ?,216508, HS-grad,9, Never-married, ?,30, United-States
27, Private,145784, Some-college,10, Married-civ-spouse, Adm-clerical,45, United-States
34, State-gov,209317, Some-college,10, Married-civ-spouse, Protective-serv,40, United-States
25, Private,259505, HS-grad,9, Never-married, Tech-support,40, United-States
34, Private,345360, Bachelors,13, Married-civ-spouse, Tech-support,40, England
43, Local-gov,198096, HS-grad,9, Married-civ-spouse, Craft-repair,40, United-States
40, Self-emp-inc,33126, Masters,14, Married-civ-spouse, Craft-repair,50, United-States
21, Private,206354, HS-grad,9, Never-married, Other-service,35, United-States
25, Private,1484705, Some-college,10, Divorced, Exec-managerial,25, United-States
21, Private,26410, HS-grad,9, Never-married, Adm-clerical,40, United-States
19, Self-emp-not-inc,220901, Some-college,10, Never-married, Transport-moving,30, United-States
49, Self-emp-inc,44671, Assoc-acdm,12, Married-civ-spouse, Craft-repair,40, United-States
20, Private,38620, Some-college,10, Never-married, Other-service,20, United-States
36, Private,89040, 11th,7, Married-civ-spouse, Transport-moving,47, United-States
32, Private,370160, Some-college,10, Separated, Exec-managerial,40, United-States
23, Private,208946, Some-college,10, Never-married, Adm-clerical,32, United-States
21, Private,131230, Some-college,10, Never-married, Sales,10, United-States
25, Private,60358, Bachelors,13, Never-married, Exec-managerial,40, United-States
26, Private,350853, 5th-6th,3, Never-married, Transport-moving,40, ?
24, Private,209782, Bachelors,13, Never-married, Sales,40, United-States
22, Private,351952, Some-college,10, Never-married, Prof-specialty,20, United-States
26, Private,142081, HS-grad,9, Married-civ-spouse, Other-service,40, Mexico
22, Private,164775, 9th,5, Never-married, Machine-op-inspct,40, Guatemala
41, Local-gov,47858, Bachelors,13, Married-civ-spouse, Protective-serv,40, United-States
18, Private,404085, HS-grad,9, Married-civ-spouse, Adm-clerical,40, United-States
24, Private,218678, Bachelors,13, Never-married, Sales,40, United-States
38, Private,184655, HS-grad,9, Married-civ-spouse, Craft-repair,48, United-States
36, Private,321760, Bachelors,13, Never-married, Adm-clerical,17, United-States
45, Local-gov,185399, Masters,14, Divorced, Prof-specialty,55, United-States
38, Local-gov,409200, Some-college,10, Married-civ-spouse, Tech-support,40, United-States
38, Private,40077, HS-grad,9, Married-civ-spouse, Craft-repair,50, United-States
